"","Home ID","Day","Home_pts","Away_pts","Spread_Pred","Spread","Home_oreb","Away_oreb","Home_FGPct","Away_FGPct","Home_3Pct","Away_3Pct","Home_Steals","Away_Steals"
"1",1610612738,1,126,117,4.5,9,6,4,0.561,0.5,0.342857143,0.382352941,8,8
"2",1610612744,1,123,109,7.5,14,11,9,0.455,0.426,0.355555556,0.25,11,12
"3",1610612737,2,117,107,15,10,4,15,0.5,0.429,0.28,0.257142857,12,4
"4",1610612748,2,108,116,8.5,-8,8,12,0.463,0.441,0.428571429,0.361111111,6,12
"5",1610612750,2,115,108,12.5,7,14,16,0.415,0.384,0.263157895,0.311111111,6,6
"6",1610612751,2,108,130,4.5,-22,9,21,0.449,0.49,0.303030303,0.461538462,10,9
"7",1610612754,2,107,114,2.5,-7,12,14,0.402,0.457,0.357142857,0.35483871,7,5
"8",1610612756,2,107,105,2.5,2,8,5,0.471,0.467,0.363636364,0.4,4,6
"9",1610612758,2,108,115,1,-7,4,11,0.459,0.443,0.386363636,0.392857143,8,11
"10",1610612759,2,102,129,1.5,-27,14,14,0.404,0.511,0.205882353,0.448275862,8,7
"11",1610612761,2,108,105,4,3,12,6,0.419,0.494,0.433333333,0.357142857,15,5
"12",1610612762,2,123,102,-1,21,11,10,0.506,0.482,0.421052632,0.227272727,10,10
"13",1610612763,2,115,112,5,3,20,18,0.389,0.404,0.34,0.243243243,6,7
"14",1610612765,2,113,109,1.5,4,12,10,0.426,0.488,0.368421053,0.366666667,11,5
"15",1610612747,3,97,103,-3,-6,8,10,0.351,0.463,0.2,0.310344828,13,7
"16",1610612755,3,88,90,4,-2,6,7,0.434,0.405,0.208333333,0.30952381,6,4
"17",1610612737,4,108,98,13,10,9,10,0.449,0.413,0.419354839,0.235294118,10,9
"18",1610612744,4,123,128,3,-5,7,12,0.477,0.535,0.340909091,0.441176471,10,10
"19",1610612745,4,122,129,-8,-7,13,17,0.473,0.459,0.457142857,0.452380952,4,8
"20",1610612748,4,104,111,1,-7,11,12,0.457,0.519,0.307692308,0.424242424,8,4
"21",1610612750,4,126,132,6.5,-6,21,19,0.458,0.441,0.333333333,0.4,5,11
"22",1610612751,4,109,105,1.5,4,13,8,0.475,0.488,0.371428571,0.392857143,3,9
"23",1610612752,4,130,106,11,24,11,13,0.526,0.433,0.421052632,0.25,4,6
"24",1610612754,4,134,137,3.5,-3,14,7,0.49,0.543,0.314285714,0.548387097,8,9
"25",1610612757,4,113,111,-2,2,13,9,0.439,0.457,0.344827586,0.37037037,8,14
"26",1610612764,4,102,100,1.5,2,5,10,0.513,0.418,0.384615385,0.259259259,8,8
"27",1610612766,4,112,124,-1.5,-12,11,15,0.454,0.472,0.382352941,0.363636364,9,9
"28",1610612741,5,96,128,0.5,-32,10,8,0.405,0.565,0.24137931,0.592592593,12,4
"29",1610612742,5,137,96,6,41,15,6,0.5,0.43,0.435897436,0.272727273,7,4
"30",1610612743,5,122,117,12,5,9,10,0.494,0.447,0.526315789,0.394736842,5,10
"31",1610612748,5,112,109,4,3,6,8,0.5,0.425,0.366666667,0.358974359,2,9
"32",1610612749,5,125,105,14.5,20,8,15,0.565,0.387,0.516129032,0.432432432,6,9
"33",1610612753,5,120,126,-11,-6,12,7,0.474,0.483,0.441176471,0.404255319,5,5
"34",1610612754,5,124,115,6.5,9,20,17,0.437,0.389,0.380952381,0.428571429,7,5
"35",1610612755,5,105,114,11,-9,12,12,0.44,0.483,0.322580645,0.421052632,6,5
"36",1610612758,5,109,111,-1,-2,9,5,0.471,0.506,0.4,0.409090909,5,8
"37",1610612737,6,109,126,10,-17,16,14,0.411,0.522,0.228571429,0.423076923,8,7
"38",1610612739,6,117,107,2.5,10,16,4,0.427,0.494,0.393939394,0.428571429,10,9
"39",1610612740,6,121,122,4,-1,14,15,0.471,0.439,0.296296296,0.342105263,8,13
"40",1610612744,6,130,125,9.5,5,6,13,0.517,0.47,0.424242424,0.255813953,7,10
"41",1610612746,6,95,112,NA,-17,9,13,0.439,0.462,0.28125,0.357142857,10,5
"42",1610612747,6,104,106,1.5,-2,10,13,0.446,0.44,0.181818182,0.37037037,9,6
"43",1610612760,6,106,116,-9,-10,11,12,0.436,0.523,0.219512195,0.294117647,7,9
"44",1610612741,7,120,102,-5,18,14,14,0.483,0.37,0.476190476,0.375,4,5
"45",1610612745,7,114,108,-5.5,6,17,18,0.422,0.473,0.314285714,0.34375,7,8
"46",1610612748,7,90,98,4,-8,8,10,0.349,0.395,0.235294118,0.4375,5,6
"47",1610612750,7,106,115,7,-9,10,14,0.442,0.457,0.258064516,0.324324324,7,11
"48",1610612752,7,115,102,11.5,13,18,13,0.462,0.419,0.297297297,0.2,7,6
"49",1610612755,7,120,106,9,14,7,14,0.475,0.422,0.441860465,0.272727273,8,3
"50",1610612757,7,135,110,-4,25,9,10,0.578,0.495,0.457142857,0.387096774,3,4
"51",1610612763,7,134,124,2.5,10,12,9,0.5,0.54,0.470588235,0.310344828,7,4
"52",1610612740,8,113,111,-0.5,2,4,11,0.579,0.5,0.444444444,0.307692308,7,8
"53",1610612756,8,134,105,3.5,29,14,10,0.511,0.451,0.413793103,0.285714286,8,7
"54",1610612760,8,108,94,-2,14,21,7,0.382,0.422,0.133333333,0.322580645,12,5
"55",1610612764,8,120,99,7.5,21,9,11,0.518,0.409,0.303030303,0.285714286,7,6
"56",1610612739,9,103,92,9.5,11,12,10,0.414,0.432,0.303030303,0.25,6,6
"57",1610612741,9,124,109,4.5,15,9,6,0.494,0.43,0.533333333,0.4,10,5
"58",1610612743,9,110,99,7.5,11,9,7,0.457,0.444,0.264705882,0.266666667,12,8
"59",1610612749,9,110,99,3,11,14,7,0.443,0.395,0.277777778,0.259259259,8,7
"60",1610612750,9,134,122,8.5,12,0,14,0.65,0.453,0.588235294,0.444444444,9,6
"61",1610612752,9,134,131,8,3,12,9,0.536,0.495,0.366666667,0.419354839,5,9
"62",1610612757,9,98,119,-1.5,-21,11,15,0.436,0.506,0.324324324,0.394736842,9,13
"63",1610612761,9,119,109,2.5,10,6,4,0.548,0.506,0.432432432,0.444444444,9,6
"64",1610612762,9,109,101,13,8,11,14,0.422,0.383,0.288888889,0.275,11,7
"65",1610612765,9,113,118,-7.5,-5,10,10,0.462,0.495,0.4375,0.363636364,4,6
"66",1610612744,10,123,110,3.5,13,16,8,0.5,0.443,0.391304348,0.325581395,4,16
"67",1610612751,10,125,129,NA,-4,13,7,0.462,0.506,0.342857143,0.5,10,8
"68",1610612758,10,110,125,-2,-15,9,11,0.482,0.533,0.315789474,0.424242424,5,5
"69",1610612760,10,118,110,-4,8,13,10,0.495,0.537,0.447368421,0.321428571,10,6
"70",1610612738,11,123,132,9.5,-9,5,9,0.512,0.517,0.393939394,0.457142857,9,5
"71",1610612743,11,117,101,7,16,17,8,0.459,0.418,0.459459459,0.256410256,2,7
"72",1610612749,11,119,108,4.5,11,19,13,0.385,0.398,0.288888889,0.342857143,8,6
"73",1610612750,11,111,102,10,9,14,12,0.414,0.416,0.325,0.310344828,13,8
"74",1610612753,11,113,93,-1.5,20,5,10,0.494,0.384,0.27027027,0.289473684,8,3
"75",1610612756,11,124,111,7,13,14,9,0.522,0.442,0.303030303,0.405405405,7,10
"76",1610612757,11,125,111,6,14,11,13,0.533,0.426,0.371428571,0.368421053,9,10
"77",1610612759,11,129,124,NA,5,8,15,0.535,0.475,0.421052632,0.333333333,7,13
"78",1610612761,11,90,112,5,-22,15,7,0.384,0.524,0.230769231,0.421052632,9,11
"79",1610612764,11,117,127,3,-10,9,5,0.477,0.506,0.4,0.517241379,5,4
"80",1610612765,11,112,136,-5.5,-24,14,10,0.43,0.567,0.21875,0.413793103,2,5
"81",1610612741,12,109,114,-2,-5,9,8,0.45,0.494,0.35483871,0.482758621,7,8
"82",1610612742,12,111,117,11.5,-6,12,9,0.4,0.494,0.2,0.2,8,9
"83",1610612749,12,123,115,3,8,14,12,0.489,0.479,0.388888889,0.448275862,8,5
"84",1610612751,12,116,125,8.5,-9,6,17,0.5,0.426,0.358974359,0.5,6,7
"85",1610612758,12,119,113,-3,6,6,9,0.553,0.427,0.451612903,0.392857143,1,7
"86",1610612762,12,124,123,-1.5,1,10,10,0.517,0.568,0.431818182,0.444444444,8,11
"87",1610612766,12,120,113,-6,7,15,10,0.422,0.44,0.322580645,0.295454545,2,8
"88",1610612738,13,112,94,10.5,18,4,15,0.456,0.388,0.446808511,0.21875,4,5
"89",1610612739,13,121,108,2,13,10,12,0.461,0.489,0.46,0.37037037,3,9
"90",1610612742,13,114,105,12.5,9,5,11,0.494,0.457,0.314285714,0.379310345,10,2
"91",1610612746,13,91,112,1,-21,8,12,0.419,0.495,0.282051282,0.416666667,3,9
"92",1610612747,13,121,110,-2.5,11,13,13,0.479,0.427,0.433333333,0.375,5,3
"93",1610612756,13,124,109,14,15,10,17,0.536,0.437,0.3,0.323529412,9,7
"94",1610612759,13,107,98,-5,9,14,16,0.419,0.404,0.4,0.137931034,6,11
"95",1610612765,13,128,114,-4.5,14,12,13,0.482,0.424,0.424242424,0.307692308,4,8
"96",1610612746,14,95,93,10,2,8,7,0.425,0.386,0.25,0.285714286,7,9
"97",1610612749,14,110,108,14,2,14,13,0.437,0.446,0.275,0.275862069,5,9
"98",1610612751,14,116,109,5.5,7,6,10,0.538,0.471,0.366666667,0.282051282,11,11
"99",1610612761,14,139,109,2,30,12,7,0.5,0.464,0.411764706,0.379310345,13,1
"100",1610612762,14,121,105,1.5,16,11,18,0.472,0.413,0.404255319,0.230769231,10,8
"101",1610612764,14,111,118,-4,-7,9,4,0.469,0.554,0.4,0.4,8,14
"102",1610612766,14,108,115,3,-7,6,10,0.512,0.435,0.482758621,0.386363636,11,8
"103",1610612748,15,116,109,2.5,7,9,10,0.455,0.464,0.380952381,0.367346939,7,8
"104",1610612751,15,99,108,3,-9,4,11,0.486,0.438,0.375,0.4,4,8
"105",1610612756,15,116,107,4,9,7,10,0.461,0.425,0.395348837,0.382352941,9,5
"106",1610612760,15,116,108,4.5,8,8,12,0.474,0.448,0.294117647,0.344827586,13,7
"107",1610612739,16,114,113,-0.5,1,9,8,0.42,0.409,0.282051282,0.268292683,6,5
"108",1610612741,16,106,88,2.5,18,11,13,0.432,0.391,0.451612903,0.21875,6,12
"109",1610612742,16,103,100,6,3,7,12,0.5,0.464,0.289473684,0.333333333,9,6
"110",1610612745,16,101,109,-4.5,-8,16,9,0.42,0.488,0.289473684,0.363636364,9,10
"111",1610612747,16,120,117,-0.5,3,11,11,0.459,0.461,0.277777778,0.32,6,10
"112",1610612748,16,110,107,5,3,9,4,0.494,0.477,0.323529412,0.361111111,5,4
"113",1610612749,16,116,91,12,25,15,2,0.467,0.418,0.263157895,0.35483871,17,7
"114",1610612752,16,99,112,1.5,-13,12,17,0.411,0.411,0.277777778,0.352941176,3,11
"115",1610612755,16,111,121,6.5,-10,6,7,0.464,0.577,0.527777778,0.238095238,3,4
"116",1610612757,16,106,111,-3.5,-5,16,10,0.404,0.458,0.393939394,0.464285714,5,7
"117",1610612759,16,100,143,-4,-43,13,9,0.394,0.538,0.325581395,0.424242424,3,16
"118",1610612753,17,130,129,-6.5,1,11,9,0.538,0.515,0.433333333,0.441860465,9,5
"119",1610612760,17,110,122,-4.5,-12,10,8,0.484,0.536,0.206896552,0.580645161,9,5
"120",1610612738,18,123,119,8.5,4,7,4,0.494,0.518,0.290322581,0.392857143,5,8
"121",1610612740,18,114,105,15,9,9,3,0.506,0.493,0.413793103,0.375,10,7
"122",1610612742,18,111,110,3.5,1,6,18,0.506,0.443,0.352941176,0.323529412,12,10
"123",1610612747,18,116,130,NA,-14,9,15,0.482,0.505,0.423076923,0.425,6,8
"124",1610612750,18,102,115,1,-13,10,7,0.424,0.482,0.268292683,0.447368421,2,7
"125",1610612754,18,101,99,-0.5,2,5,8,0.463,0.383,0.307692308,0.282051282,7,10
"126",1610612755,18,104,106,4,-2,13,10,0.378,0.463,0.276595745,0.272727273,12,5
"127",1610612756,18,106,108,13,-2,13,11,0.434,0.506,0.411764706,0.434782609,8,6
"128",1610612759,18,106,113,1,-7,6,3,0.477,0.525,0.387096774,0.454545455,7,6
"129",1610612763,18,130,99,10.5,31,18,12,0.51,0.384,0.444444444,0.296296296,6,11
"130",1610612764,18,86,128,2,-42,7,7,0.361,0.556,0.235294118,0.5,4,8
"131",1610612765,18,88,112,NA,-24,9,10,0.373,0.543,0.351351351,0.423076923,10,5
"132",1610612737,19,124,121,4.5,3,12,19,0.456,0.435,0.25,0.304347826,12,8
"133",1610612743,19,126,101,12,25,10,6,0.609,0.488,0.517241379,0.4,10,8
"134",1610612749,19,108,94,5.5,14,18,9,0.422,0.429,0.361702128,0.342857143,7,6
"135",1610612750,19,129,117,9.5,12,9,12,0.613,0.476,0.454545455,0.421052632,11,10
"136",1610612752,19,118,133,-2,-15,12,8,0.511,0.534,0.407407407,0.529411765,6,5
"137",1610612753,19,123,126,-1.5,-3,7,6,0.543,0.505,0.173913043,0.375,8,5
"138",1610612756,19,102,82,12.5,20,11,8,0.427,0.38,0.366666667,0.466666667,7,5
"139",1610612766,19,94,98,1,-4,13,9,0.372,0.393,0.333333333,0.333333333,3,8
"140",1610612746,20,102,110,2,-8,4,7,0.494,0.467,0.242424242,0.375,11,5
"141",1610612747,20,100,114,-2.5,-14,10,9,0.46,0.44,0.296296296,0.25,4,7
"142",1610612761,20,113,104,7.5,9,23,15,0.427,0.455,0.27027027,0.361111111,11,5
"143",1610612763,20,103,97,11,6,12,15,0.429,0.427,0.310344828,0.195121951,8,5
"144",1610612737,21,117,98,0.5,19,12,6,0.465,0.414,0.379310345,0.325,11,5
"145",1610612741,21,111,97,-2.5,14,9,5,0.525,0.424,0.321428571,0.321428571,7,10
"146",1610612742,21,96,94,6.5,2,12,14,0.444,0.438,0.428571429,0.344827586,7,13
"147",1610612744,21,116,113,7,3,8,9,0.5,0.407,0.368421053,0.35,5,9
"148",1610612746,21,119,117,NA,2,4,10,0.506,0.518,0.447368421,0.484848485,8,6
"149",1610612748,21,107,110,8.5,-3,5,4,0.476,0.528,0.358974359,0.432432432,11,7
"150",1610612750,21,107,120,3.5,-13,4,9,0.469,0.438,0.268292683,0.395833333,7,13
"151",1610612753,21,127,134,5,-7,11,14,0.549,0.529,0.48,0.5,7,9
"152",1610612754,21,129,122,-1,7,10,13,0.5,0.495,0.458333333,0.411764706,6,7
"153",1610612755,21,100,88,2.5,12,15,6,0.388,0.438,0.375,0.315789474,5,8
"154",1610612759,21,109,115,-3.5,-6,10,8,0.524,0.534,0.363636364,0.333333333,14,14
"155",1610612762,21,139,116,10.5,23,10,7,0.558,0.488,0.421052632,0.375,10,7
"156",1610612763,21,106,109,-1,-3,8,7,0.451,0.463,0.340909091,0.324324324,4,5
"157",1610612765,21,112,103,0.5,9,16,16,0.419,0.402,0.272727273,0.303030303,6,9
"158",1610612766,21,100,108,6,-8,17,10,0.416,0.525,0.15625,0.263157895,8,2
"159",1610612737,23,119,125,3,-6,17,13,0.468,0.468,0.285714286,0.435897436,5,5
"160",1610612738,23,128,112,13.5,16,8,15,0.534,0.416,0.391304348,0.212121212,5,7
"161",1610612741,23,111,115,NA,-4,6,13,0.506,0.5,0.259259259,0.157894737,5,8
"162",1610612746,23,114,101,5,13,6,8,0.506,0.455,0.363636364,0.3125,10,7
"163",1610612750,23,117,129,2.5,-12,8,10,0.526,0.485,0.333333333,0.457142857,4,10
"164",1610612751,23,112,85,2,27,11,11,0.483,0.322,0.411764706,0.279069767,11,5
"165",1610612753,23,94,87,-8,7,4,4,0.493,0.376,0.380952381,0.261904762,1,14
"166",1610612754,23,119,122,-2,-3,11,11,0.469,0.489,0.333333333,0.428571429,9,10
"167",1610612758,23,127,120,-2.5,7,2,12,0.526,0.535,0.435897436,0.423076923,12,4
"168",1610612759,23,122,124,-3,-2,13,18,0.48,0.51,0.324324324,0.4375,8,4
"169",1610612760,23,132,136,2,-4,16,11,0.45,0.472,0.4,0.472222222,9,8
"170",1610612761,23,116,109,13.5,7,22,16,0.412,0.44,0.340909091,0.257142857,12,9
"171",1610612766,23,95,105,3.5,-10,20,8,0.374,0.533,0.25,0.323529412,10,5
"172",1610612737,24,104,95,0.5,9,11,9,0.443,0.386,0.230769231,0.2,8,10
"173",1610612740,24,95,106,12,-11,9,11,0.418,0.435,0.357142857,0.352941176,3,8
"174",1610612748,24,117,112,9.5,5,8,8,0.433,0.489,0.277777778,0.358974359,9,4
"175",1610612764,24,113,105,-6,8,8,7,0.488,0.43,0.4,0.382978723,5,9
"176",1610612738,25,131,112,5,19,10,11,0.556,0.457,0.432432432,0.413793103,3,3
"177",1610612744,25,106,101,2.5,5,8,14,0.488,0.402,0.416666667,0.266666667,5,6
"178",1610612747,25,114,120,0.5,-6,14,10,0.477,0.517,0.4,0.333333333,11,10
"179",1610612752,25,121,112,8.5,9,16,12,0.447,0.463,0.25,0.225806452,7,6
"180",1610612753,25,114,97,-5,17,9,11,0.524,0.4,0.454545455,0.30952381,2,7
"181",1610612759,25,111,93,3.5,18,9,21,0.506,0.327,0.387096774,0.279069767,3,7
"182",1610612760,25,132,113,-5.5,19,15,14,0.559,0.432,0.416666667,0.366666667,10,13
"183",1610612763,25,114,103,5,11,15,7,0.5,0.468,0.212121212,0.333333333,8,10
"184",1610612740,26,119,106,12,13,12,10,0.488,0.506,0.275862069,0.333333333,13,7
"185",1610612742,26,117,112,9.5,5,7,12,0.506,0.45,0.325581395,0.419354839,8,6
"186",1610612746,26,95,110,3,-15,10,6,0.4,0.482,0.35483871,0.457142857,4,9
"187",1610612748,26,132,115,6.5,17,9,4,0.527,0.511,0.390243902,0.290322581,7,4
"188",1610612754,26,118,104,1.5,14,11,16,0.5,0.394,0.441860465,0.2,4,12
"189",1610612755,26,121,109,1.5,12,2,12,0.55,0.449,0.333333333,0.25,10,4
"190",1610612764,26,121,112,-4,9,6,7,0.5,0.468,0.444444444,0.35,6,4
"191",1610612765,26,108,117,-9,-9,11,9,0.416,0.429,0.421052632,0.375,4,6
"192",1610612739,27,124,129,NA,-5,16,11,0.449,0.561,0.5,0.5,6,5
"193",1610612741,27,103,126,NA,-23,8,5,0.494,0.6,0.272727273,0.481481481,9,11
"194",1610612747,27,116,103,-0.5,13,12,8,0.484,0.45,0.407407407,0.259259259,3,5
"195",1610612752,27,135,145,7,-10,13,4,0.495,0.625,0.322580645,0.548387097,13,9
"196",1610612755,27,105,98,3,7,8,18,0.482,0.394,0.173913043,0.297297297,12,3
"197",1610612758,27,122,115,-1.5,7,9,8,0.516,0.467,0.432432432,0.340425532,8,5
"198",1610612764,27,102,92,-1.5,10,9,14,0.419,0.396,0.475,0.321428571,9,7
"199",1610612738,28,126,122,13.5,4,10,10,0.479,0.48,0.27027027,0.366666667,15,4
"200",1610612744,28,132,95,7,37,5,22,0.534,0.36,0.511111111,0.25,9,6
"201",1610612745,28,106,122,-5,-16,10,9,0.453,0.506,0.3,0.368421053,11,6
"202",1610612748,28,113,112,3.5,1,17,20,0.458,0.485,0.454545455,0.388888889,6,9
"203",1610612749,28,106,121,2,-15,11,13,0.415,0.478,0.206896552,0.35,4,4
"204",1610612753,28,105,112,-1,-7,22,14,0.409,0.477,0.388888889,0.2,3,15
"205",1610612765,28,111,115,-3,-4,11,12,0.455,0.488,0.322580645,0.296296296,8,7
"206",1610612740,29,113,102,2,11,7,14,0.473,0.413,0.473684211,0.257142857,2,6
"207",1610612742,29,103,101,8,2,8,3,0.438,0.531,0.395348837,0.428571429,12,8
"208",1610612757,29,117,110,4.5,7,9,11,0.519,0.518,0.46875,0.310344828,6,7
"209",1610612758,29,153,121,1,32,9,3,0.596,0.494,0.487804878,0.392857143,9,5
"210",1610612762,29,111,118,6,-7,15,13,0.434,0.473,0.325581395,0.34375,7,10
"211",1610612737,30,101,126,-0.5,-25,14,6,0.416,0.545,0.21875,0.456521739,5,4
"212",1610612740,30,124,110,3.5,14,12,7,0.506,0.494,0.515151515,0.34375,4,2
"213",1610612742,30,92,101,8.5,-9,13,9,0.304,0.467,0.218181818,0.454545455,9,1
"214",1610612743,30,103,106,4,-3,8,6,0.439,0.44,0.368421053,0.235294118,3,12
"215",1610612749,30,113,98,1,15,13,6,0.477,0.429,0.41025641,0.428571429,5,7
"216",1610612753,30,108,126,-7,-18,12,8,0.452,0.523,0.257142857,0.333333333,6,15
"217",1610612756,30,130,119,1.5,11,8,6,0.512,0.457,0.525,0.428571429,5,5
"218",1610612761,30,112,104,5,8,16,4,0.512,0.545,0.269230769,0.371428571,5,5
"219",1610612764,30,120,121,3.5,-1,11,9,0.512,0.543,0.5,0.516129032,8,4
"220",1610612766,30,113,125,3,-12,14,7,0.457,0.537,0.363636364,0.392857143,8,11
"221",1610612746,31,96,91,10.5,5,10,10,0.407,0.375,0.366666667,0.193548387,1,9
"222",1610612757,31,107,109,1.5,-2,8,5,0.387,0.506,0.361111111,0.379310345,9,4
"223",1610612758,31,130,112,4,18,6,7,0.578,0.548,0.4,0.423076923,7,8
"224",1610612739,32,132,122,8,10,7,17,0.533,0.4,0.285714286,0.318181818,8,11
"225",1610612740,32,109,117,-1.5,-8,7,11,0.494,0.482,0.371428571,0.434782609,13,6
"226",1610612741,32,107,108,8,-1,13,6,0.461,0.494,0.238095238,0.428571429,6,4
"227",1610612742,32,127,99,11,28,6,13,0.597,0.422,0.40625,0.333333333,5,4
"228",1610612744,32,111,101,5,10,12,13,0.451,0.345,0.36,0.264705882,8,8
"229",1610612745,32,91,99,-5.5,-8,14,12,0.337,0.402,0.214285714,0.292682927,8,8
"230",1610612747,32,128,121,7,7,7,10,0.551,0.467,0.35,0.323529412,2,9
"231",1610612755,32,110,102,3.5,8,6,8,0.513,0.456,0.464285714,0.333333333,5,8
"232",1610612762,32,134,133,3.5,1,11,12,0.56,0.521,0.516129032,0.3,6,7
"233",1610612763,32,121,110,8.5,11,17,8,0.419,0.469,0.358974359,0.323529412,4,5
"234",1610612764,32,107,106,9.5,1,8,10,0.427,0.357,0.326086957,0.255813953,6,6
"235",1610612737,33,124,122,3.5,2,11,17,0.5,0.444,0.28,0.216216216,5,11
"236",1610612746,33,119,97,8.5,22,7,15,0.543,0.414,0.525,0.269230769,9,4
"237",1610612754,33,114,113,10.5,1,12,11,0.456,0.429,0.391304348,0.380952381,5,8
"238",1610612755,33,109,112,1,-3,4,8,0.479,0.471,0.4375,0.333333333,10,9
"239",1610612757,33,113,118,1,-5,10,11,0.47,0.462,0.30952381,0.358974359,11,6
"240",1610612739,34,113,87,6.5,26,13,11,0.53,0.388,0.351351351,0.193548387,7,6
"241",1610612742,34,97,98,10.5,-1,6,4,0.449,0.474,0.357142857,0.333333333,5,10
"242",1610612745,34,120,127,-7,-7,12,8,0.456,0.535,0.333333333,0.510638298,13,8
"243",1610612747,34,123,92,5.5,31,5,13,0.529,0.39,0.352941176,0.205882353,5,7
"244",1610612751,34,127,115,3.5,12,5,13,0.602,0.434,0.470588235,0.324324324,5,13
"245",1610612756,34,116,95,4.5,21,22,10,0.426,0.4,0.435897436,0.28,3,4
"246",1610612758,34,137,129,8,8,8,10,0.553,0.528,0.342857143,0.517241379,4,4
"247",1610612764,34,106,102,3,4,14,15,0.43,0.39,0.382352941,0.25,6,5
"248",1610612739,35,114,102,NA,12,3,10,0.6,0.437,0.526315789,0.323529412,8,11
"249",1610612740,35,128,83,14,45,11,4,0.538,0.378,0.357142857,0.23255814,15,9
"250",1610612741,35,121,107,-5,14,8,5,0.517,0.437,0.482758621,0.38,10,3
"251",1610612746,35,121,114,1.5,7,12,16,0.516,0.449,0.375,0.315789474,6,8
"252",1610612749,35,119,111,8,8,10,12,0.547,0.473,0.321428571,0.275862069,12,5
"253",1610612750,35,105,101,10,4,6,12,0.435,0.389,0.29787234,0.289473684,9,9
"254",1610612754,35,123,102,10,21,12,12,0.5,0.424,0.282608696,0.314285714,9,10
"255",1610612760,35,119,129,1,-10,11,14,0.489,0.526,0.333333333,0.323529412,5,10
"256",1610612743,36,108,110,13.5,-2,15,12,0.5,0.511,0.263157895,0.285714286,7,7
"257",1610612755,36,115,106,-1,9,20,4,0.434,0.55,0.5,0.321428571,9,5
"258",1610612756,36,115,105,8,10,8,7,0.471,0.424,0.470588235,0.181818182,8,8
"259",1610612763,36,109,113,5,-4,13,9,0.451,0.433,0.266666667,0.333333333,12,11
"260",1610612737,37,115,106,6.5,9,10,10,0.446,0.461,0.366666667,0.290322581,9,6
"261",1610612738,37,125,112,5,13,6,5,0.536,0.537,0.5,0.35483871,4,4
"262",1610612739,37,114,96,7,18,11,11,0.554,0.449,0.444444444,0.419354839,4,9
"263",1610612744,37,124,107,6,17,12,10,0.495,0.453,0.37254902,0.379310345,11,5
"264",1610612748,37,113,105,1.5,8,14,7,0.419,0.472,0.390243902,0.263157895,7,7
"265",1610612749,37,113,118,6,-5,11,5,0.456,0.494,0.315789474,0.428571429,5,9
"266",1610612754,37,101,115,1,-14,13,8,0.385,0.61,0.363636364,0.363636364,16,9
"267",1610612759,37,110,129,-4,-19,8,8,0.482,0.573,0.294117647,0.424242424,11,8
"268",1610612760,37,126,131,-2,-5,12,17,0.433,0.477,0.45,0.368421053,6,4
"269",1610612761,37,98,112,NA,-14,23,7,0.356,0.549,0.24137931,0.447368421,12,10
"270",1610612762,37,116,125,12.5,-9,7,8,0.494,0.494,0.43902439,0.5,4,9
"271",1610612766,37,107,101,4,6,11,8,0.478,0.442,0.260869565,0.236842105,8,9
"272",1610612738,39,122,104,9.5,18,4,11,0.494,0.414,0.432432432,0.25,9,3
"273",1610612744,39,129,118,4.5,11,16,15,0.515,0.474,0.444444444,0.244444444,8,12
"274",1610612745,39,128,122,-6,6,22,6,0.471,0.476,0.342857143,0.384615385,9,9
"275",1610612746,39,104,114,-2.5,-10,4,10,0.544,0.494,0.5,0.333333333,1,9
"276",1610612748,39,110,107,2,3,10,13,0.472,0.43,0.269230769,0.282051282,5,7
"277",1610612749,39,117,102,3,15,8,10,0.506,0.391,0.46875,0.363636364,4,9
"278",1610612752,39,129,132,5.5,-3,12,13,0.438,0.494,0.317073171,0.3125,7,3
"279",1610612753,39,99,107,-2.5,-8,9,13,0.425,0.476,0.257142857,0.388888889,7,7
"280",1610612754,39,128,117,-0.5,11,5,5,0.5,0.534,0.352941176,0.365853659,13,2
"281",1610612756,39,108,102,11.5,6,11,19,0.483,0.424,0.24137931,0.346153846,7,6
"282",1610612759,39,94,105,1.5,-11,20,10,0.38,0.482,0.181818182,0.296296296,11,12
"283",1610612760,39,123,119,-1.5,4,10,14,0.463,0.436,0.24137931,0.363636364,7,5
"284",1610612763,39,132,111,0.5,21,13,11,0.516,0.43,0.473684211,0.322580645,4,9
"285",1610612766,39,110,108,-3.5,2,15,11,0.449,0.427,0.32,0.219512195,6,7
"286",1610612745,40,118,105,NA,13,11,16,0.523,0.392,0.5,0.227272727,9,12
"287",1610612756,40,113,112,5,1,18,8,0.457,0.506,0.272727273,0.40625,8,5
"288",1610612759,40,138,143,3.5,-5,17,3,0.505,0.58,0.486486486,0.515151515,8,4
"289",1610612761,40,105,100,1,5,17,4,0.432,0.479,0.307692308,0.282051282,10,7
"290",1610612737,41,98,106,3.5,-8,8,6,0.398,0.488,0.277777778,0.272727273,6,8
"291",1610612738,41,130,121,8.5,9,10,6,0.55,0.537,0.470588235,0.25,2,8
"292",1610612746,41,114,100,1.5,14,18,9,0.447,0.383,0.1875,0.214285714,7,14
"293",1610612749,41,124,115,3.5,9,8,6,0.558,0.513,0.459459459,0.414634146,8,6
"294",1610612750,41,114,137,3.5,-23,6,8,0.443,0.575,0.4,0.425531915,7,7
"295",1610612751,41,111,97,7.5,14,4,11,0.526,0.443,0.428571429,0.363636364,6,4
"296",1610612752,41,123,127,1,-4,12,16,0.506,0.484,0.333333333,0.375,3,4
"297",1610612753,41,103,133,-3,-30,7,6,0.456,0.649,0.3,0.407407407,9,10
"298",1610612765,41,94,102,-5,-8,7,10,0.456,0.429,0.285714286,0.285714286,9,3
"299",1610612738,42,140,105,14.5,35,9,13,0.591,0.488,0.461538462,0.379310345,10,7
"300",1610612740,42,105,101,7.5,4,14,18,0.448,0.37,0.28125,0.315789474,12,11
"301",1610612743,42,129,113,13.5,16,13,12,0.568,0.459,0.4,0.363636364,8,4
"302",1610612747,42,115,116,3,-1,18,12,0.43,0.41,0.35483871,0.346938776,3,6
"303",1610612751,42,109,102,13,7,8,9,0.543,0.475,0.321428571,0.419354839,7,9
"304",1610612755,42,104,101,3.5,3,10,8,0.453,0.5,0.357142857,0.444444444,10,7
"305",1610612758,42,117,122,-0.5,-5,8,11,0.523,0.532,0.36,0.3125,9,9
"306",1610612761,42,100,88,5.5,12,7,13,0.44,0.378,0.428571429,0.184210526,4,7
"307",1610612762,42,107,114,4.5,-7,9,13,0.482,0.462,0.387755102,0.272727273,5,6
"308",1610612764,42,142,127,-0.5,15,7,15,0.571,0.5,0.483870968,0.259259259,12,4
"309",1610612742,43,116,113,2.5,3,8,10,0.462,0.477,0.340909091,0.255813953,7,6
"310",1610612757,43,112,118,2,-6,9,14,0.467,0.461,0.485714286,0.419354839,6,6
"311",1610612765,43,110,140,-3,-30,7,17,0.506,0.563,0.333333333,0.457142857,7,9
"312",1610612738,44,134,121,9,13,11,9,0.554,0.522,0.488888889,0.45,7,8
"313",1610612739,44,113,85,1.5,28,6,7,0.608,0.416,0.517241379,0.230769231,10,7
"314",1610612740,44,126,108,1.5,18,12,3,0.523,0.477,0.424242424,0.289473684,10,12
"315",1610612743,44,120,100,13,20,8,10,0.53,0.42,0.53125,0.292682927,6,5
"316",1610612747,44,128,109,9.5,19,13,12,0.495,0.467,0.378378378,0.333333333,5,4
"317",1610612750,44,109,101,NA,8,5,20,0.461,0.425,0.307692308,0.346153846,13,7
"318",1610612751,44,113,107,5,6,4,14,0.464,0.438,0.423076923,0.25,8,6
"319",1610612752,44,103,109,-2.5,-6,19,14,0.42,0.433,0.2,0.285714286,2,3
"320",1610612753,44,108,125,-7,-17,6,14,0.494,0.543,0.296296296,0.25,5,8
"321",1610612756,44,132,113,5,19,10,5,0.527,0.5,0.454545455,0.16,3,5
"322",1610612758,44,137,114,3,23,11,12,0.505,0.4,0.372093023,0.324324324,8,8
"323",1610612760,44,119,111,1,8,15,13,0.511,0.446,0.333333333,0.27027027,4,5
"324",1610612762,44,125,112,8,13,13,17,0.556,0.398,0.4375,0.333333333,4,9
"325",1610612765,45,131,125,-6,6,13,4,0.543,0.535,0.428571429,0.413043478,9,8
"326",1610612737,46,117,109,0.5,8,12,9,0.557,0.529,0.357142857,0.375,7,8
"327",1610612738,46,116,120,7.5,-4,7,12,0.46,0.475,0.333333333,0.314285714,6,11
"328",1610612739,46,107,96,12.5,11,5,11,0.488,0.494,0.380952381,0.347826087,7,6
"329",1610612744,46,119,111,5,8,7,6,0.483,0.462,0.4,0.333333333,2,7
"330",1610612749,46,129,133,8.5,-4,10,12,0.532,0.542,0.395348837,0.423076923,2,6
"331",1610612751,46,114,105,2,9,7,11,0.537,0.437,0.34375,0.291666667,7,7
"332",1610612756,46,121,122,12.5,-1,9,13,0.529,0.494,0.459459459,0.333333333,9,12
"333",1610612759,46,99,117,-5,-18,10,10,0.388,0.435,0.282051282,0.285714286,4,9
"334",1610612762,46,139,119,6,20,8,9,0.554,0.435,0.441176471,0.352941176,7,12
"335",1610612763,46,117,109,3.5,8,19,10,0.433,0.44,0.366666667,0.424242424,8,7
"336",1610612766,46,117,116,-1,1,19,18,0.421,0.453,0.413793103,0.363636364,6,3
"337",1610612744,47,120,101,11,19,6,14,0.529,0.44,0.480769231,0.107142857,8,6
"338",1610612746,47,96,123,NA,-27,17,8,0.355,0.517,0.272727273,0.34375,4,7
"339",1610612750,47,128,135,8.5,-7,12,13,0.528,0.516,0.333333333,0.423076923,13,11
"340",1610612752,47,100,121,NA,-21,7,14,0.455,0.43,0.322580645,0.393442623,7,7
"341",1610612761,47,121,108,12.5,13,12,5,0.56,0.487,0.310344828,0.392857143,12,9
"342",1610612762,47,111,116,9.5,-5,10,12,0.452,0.482,0.361111111,0.4,8,5
"343",1610612766,47,96,105,NA,-9,9,8,0.391,0.47,0.208333333,0.375,9,5
"344",1610612740,48,121,106,3,15,6,9,0.506,0.506,0.423076923,0.258064516,10,5
"345",1610612751,48,92,103,-1.5,-11,11,8,0.405,0.432,0.346153846,0.394736842,6,11
"346",1610612752,48,92,81,-1,11,14,8,0.407,0.349,0.172413793,0.228571429,6,7
"347",1610612757,48,116,100,4.5,16,11,12,0.488,0.44,0.425,0.303030303,10,10
"348",1610612758,48,110,101,1.5,9,5,7,0.465,0.442,0.302325581,0.36,10,9
"349",1610612759,48,95,133,-5.5,-38,12,14,0.437,0.521,0.193548387,0.513513514,5,5
"350",1610612764,48,119,130,2.5,-11,11,9,0.467,0.542,0.256410256,0.384615385,10,5
"351",1610612765,48,112,122,-5.5,-10,8,12,0.44,0.467,0.371428571,0.428571429,7,9
"352",1610612737,49,114,121,10,-7,17,14,0.431,0.453,0.342105263,0.352941176,7,8
"353",1610612742,49,130,111,3.5,19,10,13,0.524,0.44,0.487804878,0.351351351,7,5
"354",1610612744,49,104,112,13.5,-8,12,7,0.404,0.478,0.295454545,0.384615385,6,3
"355",1610612745,49,132,123,-6.5,9,16,11,0.447,0.448,0.358974359,0.472222222,9,10
"356",1610612753,49,102,109,-8,-7,15,7,0.366,0.447,0.25,0.325,8,9
"357",1610612761,49,110,116,1,-6,12,13,0.459,0.489,0.357142857,0.361111111,6,6
"358",1610612763,49,101,93,-5.5,8,4,9,0.467,0.392,0.25,0.35,10,7
"359",1610612766,49,117,119,-2,-2,14,13,0.48,0.484,0.352941176,0.416666667,8,4
"360",1610612739,50,116,102,5,14,9,14,0.516,0.427,0.259259259,0.166666667,11,4
"361",1610612743,50,115,116,4.5,-1,8,4,0.513,0.5,0.40625,0.472222222,8,10
"362",1610612748,50,96,116,6.5,-20,7,9,0.429,0.494,0.3125,0.463414634,7,8
"363",1610612740,51,104,98,12.5,6,10,8,0.459,0.389,0.296296296,0.357142857,8,5
"364",1610612741,51,115,111,4,4,6,6,0.5,0.488,0.434782609,0.290322581,11,12
"365",1610612749,51,126,113,6.5,13,17,8,0.479,0.473,0.424242424,0.315789474,3,2
"366",1610612750,51,121,115,5.5,6,16,4,0.473,0.481,0.347826087,0.452380952,15,10
"367",1610612751,51,122,116,9,6,5,10,0.57,0.534,0.387096774,0.416666667,3,4
"368",1610612752,51,113,89,1,24,13,11,0.446,0.376,0.472222222,0.166666667,6,4
"369",1610612753,51,116,111,-5.5,5,16,17,0.421,0.411,0.285714286,0.365853659,8,3
"370",1610612756,51,98,125,NA,-27,13,11,0.398,0.485,0.25,0.355555556,5,14
"371",1610612761,51,126,113,16.5,13,17,10,0.443,0.425,0.279069767,0.212121212,10,6
"372",1610612762,51,124,123,8.5,1,9,14,0.535,0.459,0.428571429,0.333333333,6,8
"373",1610612763,51,123,102,11.5,21,10,14,0.511,0.37,0.368421053,0.368421053,13,9
"374",1610612748,52,115,110,5.5,5,7,7,0.511,0.463,0.375,0.472222222,11,3
"375",1610612757,52,120,121,-1,-1,13,16,0.484,0.516,0.4,0.4,10,6
"376",1610612759,52,118,109,1.5,9,7,16,0.554,0.449,0.361111111,0.344827586,5,3
"377",1610612739,53,95,106,3.5,-11,8,5,0.43,0.53,0.333333333,0.484848485,7,11
"378",1610612740,53,128,117,3,11,13,8,0.511,0.5,0.296296296,0.5,10,6
"379",1610612742,53,105,106,2.5,-1,12,13,0.466,0.437,0.325,0.34375,8,5
"380",1610612751,53,120,116,4.5,4,9,12,0.542,0.495,0.433333333,0.344827586,10,12
"381",1610612753,53,113,109,-7,4,3,7,0.592,0.424,0.384615385,0.285714286,3,10
"382",1610612754,53,121,111,4,10,13,12,0.506,0.532,0.43902439,0.344827586,7,6
"383",1610612755,53,133,122,8.5,11,7,7,0.533,0.5,0.45,0.35483871,14,12
"384",1610612762,53,108,118,5,-10,12,6,0.433,0.532,0.295454545,0.4,9,7
"385",1610612763,53,114,103,11,11,12,13,0.484,0.4,0.28125,0.314285714,11,6
"386",1610612766,53,102,121,-2.5,-19,12,16,0.44,0.441,0.230769231,0.382352941,8,6
"387",1610612739,54,110,102,5,8,12,7,0.471,0.458,0.375,0.344827586,6,8
"388",1610612741,54,144,115,5,29,4,8,0.635,0.456,0.558823529,0.25,8,5
"389",1610612743,54,115,110,12.5,5,6,10,0.547,0.459,0.307692308,0.365853659,5,5
"390",1610612744,54,123,107,-2.5,16,11,6,0.511,0.437,0.333333333,0.3,3,8
"391",1610612748,54,111,115,11,-4,5,9,0.481,0.538,0.382352941,0.333333333,5,8
"392",1610612754,54,133,136,14.5,-3,7,29,0.553,0.52,0.477272727,0.321428571,10,7
"393",1610612757,54,124,118,2,6,11,4,0.518,0.542,0.382352941,0.434782609,5,11
"394",1610612764,54,107,114,-5.5,-7,8,9,0.435,0.426,0.470588235,0.395833333,8,9
"395",1610612737,55,123,122,5,1,8,13,0.48,0.48,0.333333333,0.259259259,3,11
"396",1610612740,55,129,124,4,5,7,19,0.581,0.467,0.32,0.342105263,10,7
"397",1610612745,55,97,92,-7.5,5,10,13,0.44,0.367,0.222222222,0.279069767,11,5
"398",1610612752,55,112,99,4,13,15,11,0.449,0.398,0.228571429,0.256410256,8,7
"399",1610612753,55,111,99,-6.5,12,11,7,0.468,0.4,0.451612903,0.24,3,9
"400",1610612755,55,131,113,11,18,9,15,0.554,0.409,0.481481481,0.366666667,6,12
"401",1610612765,55,117,124,-1,-7,10,6,0.462,0.548,0.377777778,0.423076923,9,8
"402",1610612742,56,121,114,9.5,7,16,10,0.419,0.477,0.407407407,0.322580645,4,4
"403",1610612746,56,113,93,-4,20,11,5,0.489,0.434,0.4,0.230769231,10,5
"404",1610612754,56,82,87,-0.5,-5,8,9,0.354,0.386,0.282051282,0.264705882,7,7
"405",1610612757,56,133,112,0.5,21,11,7,0.539,0.495,0.456521739,0.37037037,4,12
"406",1610612759,56,112,111,-5.5,1,19,15,0.474,0.489,0.333333333,0.217391304,6,7
"407",1610612763,56,128,103,12,25,5,20,0.602,0.356,0.40625,0.324324324,8,13
"408",1610612764,56,100,112,-1,-12,6,7,0.468,0.494,0.35483871,0.296296296,6,8
"409",1610612745,57,111,97,-4.5,14,17,18,0.42,0.32,0.342857143,0.254901961,6,13
"410",1610612747,57,118,122,-3.5,-4,7,13,0.473,0.442,0.275862069,0.395833333,7,6
"411",1610612749,57,128,111,2.5,17,12,12,0.549,0.4,0.413793103,0.4,8,7
"412",1610612755,57,123,103,6,20,4,13,0.512,0.413,0.457142857,0.238095238,10,5
"413",1610612762,57,121,100,1.5,21,19,15,0.476,0.398,0.319148936,0.148148148,4,12
"414",1610612741,58,120,128,1.5,-8,3,15,0.548,0.495,0.321428571,0.529411765,6,7
"415",1610612742,58,90,105,4,-15,6,5,0.392,0.526,0.342105263,0.333333333,2,5
"416",1610612743,58,141,128,12,13,7,4,0.651,0.527,0.25,0.487179487,8,10
"417",1610612746,58,99,88,5.5,11,14,7,0.382,0.419,0.304347826,0.181818182,8,9
"418",1610612753,58,135,124,-3,11,14,11,0.505,0.5,0.444444444,0.342857143,10,2
"419",1610612754,58,125,119,1.5,6,5,12,0.506,0.465,0.41025641,0.424242424,10,5
"420",1610612759,58,112,128,-2,-16,14,5,0.464,0.605,0.379310345,0.45,9,5
"421",1610612760,58,108,110,-3,-2,7,7,0.5,0.43,0.375,0.428571429,7,9
"422",1610612761,58,123,124,6.5,-1,11,13,0.5,0.484,0.285714286,0.369565217,8,3
"423",1610612766,58,134,141,5.5,-7,17,12,0.412,0.516,0.333333333,0.45,7,0
"424",1610612745,59,108,111,8,-3,18,14,0.468,0.443,0.272727273,0.340425532,10,10
"425",1610612746,59,95,111,-7.5,-16,21,15,0.378,0.463,0.363636364,0.28125,4,8
"426",1610612762,59,132,129,3,3,11,19,0.457,0.475,0.382978723,0.4,8,8
"427",1610612763,59,142,101,3,41,14,11,0.549,0.372,0.375,0.26,5,5
"428",1610612738,60,109,117,14,-8,10,15,0.417,0.462,0.239130435,0.272727273,9,7
"429",1610612739,60,118,112,6.5,6,6,5,0.5,0.525,0.451612903,0.305555556,6,6
"430",1610612741,60,91,114,0.5,-23,2,15,0.468,0.402,0.4,0.386363636,3,13
"431",1610612742,60,130,110,6,20,3,10,0.556,0.438,0.418604651,0.351351351,4,4
"432",1610612747,60,126,108,-1,18,11,9,0.527,0.481,0.363636364,0.333333333,11,7
"433",1610612755,60,118,106,11.5,12,11,13,0.459,0.415,0.394736842,0.395348837,11,8
"434",1610612760,60,110,112,2,-2,9,11,0.466,0.494,0.297297297,0.48,7,16
"435",1610612761,60,116,119,2.5,-3,7,4,0.488,0.605,0.375,0.346153846,5,5
"436",1610612765,60,113,122,-2.5,-9,14,4,0.459,0.524,0.344827586,0.387096774,7,8
"437",1610612766,60,106,125,2.5,-19,15,4,0.398,0.547,0.348837209,0.517241379,8,3
"438",1610612739,61,100,99,9,1,9,5,0.426,0.409,0.194444444,0.306122449,6,5
"439",1610612745,61,95,107,-0.5,-12,18,10,0.4,0.471,0.103448276,0.361111111,7,8
"440",1610612746,61,102,93,4.5,9,12,7,0.43,0.429,0.413793103,0.36,6,10
"441",1610612749,61,123,97,3.5,26,15,7,0.533,0.453,0.473684211,0.340425532,5,5
"442",1610612756,61,118,114,3,4,10,4,0.47,0.584,0.365853659,0.466666667,6,2
"443",1610612759,61,101,111,-6.5,-10,7,8,0.429,0.512,0.37037037,0.366666667,8,14
"444",1610612760,61,115,109,-10,6,9,10,0.413,0.378,0.422222222,0.266666667,7,5
"445",1610612738,62,92,95,11.5,-3,11,6,0.348,0.384,0.255319149,0.413793103,7,9
"446",1610612743,62,119,115,10,4,15,12,0.457,0.427,0.333333333,0.315789474,6,7
"447",1610612747,62,119,117,2,2,6,10,0.5,0.463,0.407407407,0.256410256,4,5
"448",1610612750,62,150,126,2,24,4,6,0.655,0.523,0.534883721,0.421052632,5,6
"449",1610612754,62,106,109,-0.5,-3,12,14,0.433,0.47,0.342105263,0.307692308,5,7
"450",1610612761,62,110,126,6,-16,18,12,0.421,0.531,0.393939394,0.461538462,6,6
"451",1610612765,62,121,124,-4.5,-3,11,4,0.477,0.55,0.266666667,0.517241379,9,5
"452",1610612737,63,126,125,8.5,1,6,10,0.511,0.474,0.375,0.352941176,7,8
"453",1610612739,63,122,99,5.5,23,4,15,0.614,0.387,0.576923077,0.294117647,5,9
"454",1610612740,63,119,128,1.5,-9,17,8,0.424,0.556,0.4,0.325,9,8
"455",1610612745,63,105,124,1.5,-19,16,9,0.426,0.554,0.208333333,0.5,13,6
"456",1610612750,63,116,106,-3.5,10,9,8,0.472,0.408,0.387096774,0.422222222,5,5
"457",1610612755,63,104,101,6.5,3,4,9,0.4,0.42,0.357142857,0.275,8,6
"458",1610612756,63,130,104,15.5,26,15,10,0.495,0.448,0.512820513,0.428571429,10,5
"459",1610612758,63,119,125,7.5,-6,10,11,0.474,0.516,0.363636364,0.322580645,8,4
"460",1610612760,63,123,121,0.5,2,11,14,0.455,0.5,0.35483871,0.432432432,7,5
"461",1610612743,64,105,91,2.5,14,13,7,0.449,0.444,0.37037037,0.192307692,9,11
"462",1610612748,64,103,113,0.5,-10,9,5,0.469,0.548,0.340909091,0.419354839,9,7
"463",1610612752,64,132,94,7.5,38,14,4,0.517,0.473,0.425,0.342857143,8,3
"464",1610612756,64,110,113,5,-3,15,9,0.461,0.475,0.40625,0.407407407,2,9
"465",1610612765,64,111,126,-1,-15,9,12,0.506,0.505,0.36,0.434782609,6,7
"466",1610612737,65,108,110,6,-2,9,8,0.429,0.5,0.378378378,0.291666667,6,9
"467",1610612738,65,112,117,10,-5,25,12,0.386,0.469,0.317073171,0.461538462,11,10
"468",1610612739,65,114,106,2.5,8,9,13,0.482,0.47,0.3125,0.433333333,8,7
"469",1610612745,65,110,116,NA,-6,9,11,0.466,0.451,0.395348837,0.297297297,6,11
"470",1610612746,65,126,105,7.5,21,5,11,0.506,0.402,0.469387755,0.290322581,6,15
"471",1610612750,65,99,104,NA,-5,8,7,0.494,0.453,0.266666667,0.333333333,7,6
"472",1610612751,65,143,113,11.5,30,3,9,0.643,0.494,0.636363636,0.363636364,10,6
"473",1610612752,65,106,113,1.5,-7,9,16,0.553,0.447,0.423076923,0.264705882,2,7
"474",1610612755,65,113,93,13.5,20,13,11,0.441,0.392,0.297297297,0.260869565,8,6
"475",1610612758,65,134,120,8.5,14,10,5,0.505,0.5,0.361702128,0.458333333,6,6
"476",1610612760,65,101,98,NA,3,9,9,0.468,0.494,0.333333333,0.388888889,9,9
"477",1610612740,66,126,117,8.5,9,16,14,0.484,0.478,0.382352941,0.321428571,10,8
"478",1610612762,66,120,112,8.5,8,8,3,0.488,0.561,0.457142857,0.333333333,5,5
"479",1610612737,67,130,105,9,25,8,9,0.533,0.411,0.352941176,0.272727273,10,7
"480",1610612738,67,121,109,8,12,20,11,0.44,0.484,0.282608696,0.3125,9,3
"481",1610612739,67,107,118,4.5,-11,6,11,0.513,0.5,0.333333333,0.513513514,9,10
"482",1610612743,67,120,107,8.5,13,4,13,0.58,0.448,0.476190476,0.257142857,9,5
"483",1610612745,67,106,112,-6.5,-6,12,7,0.457,0.45,0.307692308,0.363636364,9,10
"484",1610612747,67,130,134,2.5,-4,12,11,0.522,0.553,0.431818182,0.390243902,5,11
"485",1610612748,67,108,111,4.5,-3,13,9,0.432,0.482,0.393939394,0.446808511,7,5
"486",1610612751,67,118,100,2,18,12,13,0.495,0.44,0.4375,0.243243243,11,7
"487",1610612752,67,117,118,7.5,-1,12,11,0.5,0.484,0.457142857,0.451612903,2,6
"488",1610612753,67,133,113,5,20,7,13,0.575,0.454,0.53125,0.315789474,8,10
"489",1610612755,67,119,114,4.5,5,6,6,0.534,0.506,0.413793103,0.368421053,7,5
"490",1610612756,67,100,125,-0.5,-25,11,19,0.437,0.495,0.257142857,0.304347826,6,11
"491",1610612758,67,111,125,6,-14,13,5,0.44,0.557,0.3125,0.3125,5,9
"492",1610612760,67,125,128,NA,-3,10,13,0.461,0.436,0.371428571,0.351351351,9,10
"493",1610612738,69,139,118,5.5,21,5,8,0.588,0.5,0.487179487,0.361111111,9,8
"494",1610612742,69,124,115,8.5,9,11,6,0.524,0.488,0.409090909,0.321428571,6,5
"495",1610612743,69,128,125,6,3,12,12,0.479,0.479,0.361111111,0.485714286,8,7
"496",1610612744,69,123,109,-5,14,9,9,0.473,0.415,0.409090909,0.230769231,6,5
"497",1610612752,69,112,119,1,-7,12,5,0.478,0.506,0.375,0.461538462,4,5
"498",1610612739,70,117,125,1.5,-8,10,7,0.476,0.573,0.361111111,0.6,8,7
"499",1610612740,70,113,93,1.5,20,16,6,0.456,0.422,0.3,0.257142857,10,9
"500",1610612741,70,118,133,7.5,-15,8,8,0.489,0.556,0.371428571,0.386363636,6,7
"501",1610612748,70,113,110,-3,3,13,8,0.461,0.544,0.265306122,0.441176471,9,4
"502",1610612757,70,124,113,4,11,10,18,0.5,0.398,0.368421053,0.333333333,8,8
"503",1610612759,70,126,122,-3.5,4,6,16,0.552,0.402,0.333333333,0.302325581,11,10
"504",1610612765,70,131,142,-3,-11,16,10,0.44,0.538,0.470588235,0.431818182,10,13
"505",1610612738,71,126,102,16.5,24,9,13,0.473,0.4,0.357142857,0.311111111,8,5
"506",1610612742,71,126,121,4.5,5,7,17,0.489,0.437,0.282608696,0.32,4,5
"507",1610612744,71,110,105,6,5,9,9,0.432,0.413,0.216216216,0.263157895,3,6
"508",1610612753,71,110,129,2.5,-19,8,9,0.5,0.544,0.357142857,0.395348837,8,4
"509",1610612754,71,129,114,-1.5,15,7,9,0.511,0.449,0.371428571,0.4,3,4
"510",1610612758,71,106,113,-3,-7,8,10,0.488,0.477,0.285714286,0.351351351,8,12
"511",1610612760,71,130,114,6,16,13,16,0.535,0.465,0.541666667,0.344827586,10,9
"512",1610612761,71,113,124,4,-11,10,15,0.512,0.484,0.260869565,0.394736842,6,8
"513",1610612763,71,108,125,7,-17,15,15,0.396,0.494,0.266666667,0.548387097,9,7
"514",1610612764,71,116,111,-4,5,14,10,0.459,0.464,0.333333333,0.193548387,7,8
"515",1610612737,72,107,108,-3,-1,11,5,0.433,0.506,0.363636364,0.384615385,5,0
"516",1610612740,72,119,118,4.5,1,9,5,0.481,0.506,0.47826087,0.344827586,6,6
"517",1610612741,72,119,113,-1,6,7,22,0.457,0.373,0.391304348,0.204545455,5,7
"518",1610612744,72,112,107,-3,5,10,10,0.425,0.407,0.355555556,0.326086957,6,3
"519",1610612748,72,112,98,7.5,14,10,8,0.478,0.481,0.314285714,0.361111111,14,2
"520",1610612758,72,127,126,NA,1,11,7,0.528,0.576,0.451612903,0.444444444,10,6
"521",1610612764,72,127,102,NA,25,12,11,0.573,0.448,0.307692308,0.419354839,7,7
"522",1610612765,72,121,101,3,20,11,15,0.45,0.412,0.428571429,0.227272727,7,5
"523",1610612738,73,116,110,7,6,11,8,0.484,0.483,0.282051282,0.384615385,3,4
"524",1610612742,73,129,114,13.5,15,6,12,0.516,0.442,0.4,0.352941176,7,5
"525",1610612754,73,135,126,-0.5,9,4,17,0.565,0.521,0.612903226,0.428571429,6,7
"526",1610612759,73,122,115,-5,7,14,13,0.511,0.422,0.392857143,0.365853659,5,7
"527",1610612761,73,106,119,-1.5,-13,17,17,0.406,0.505,0.357142857,0.448275862,11,4
"528",1610612766,73,121,113,2,8,12,11,0.548,0.424,0.3125,0.305555556,8,9
"529",1610612737,74,121,130,6,-9,12,12,0.475,0.542,0.289473684,0.3125,6,7
"530",1610612740,74,127,116,1,11,7,3,0.538,0.56,0.483870968,0.411764706,14,5
"531",1610612741,74,132,118,7.5,14,12,13,0.576,0.477,0.444444444,0.435897436,10,8
"532",1610612743,74,124,119,6.5,5,5,11,0.592,0.448,0.607142857,0.4,6,13
"533",1610612744,74,118,112,3.5,6,17,17,0.462,0.462,0.395348837,0.307692308,9,2
"534",1610612749,74,123,114,6,9,20,7,0.462,0.435,0.358974359,0.266666667,5,10
"535",1610612753,74,100,119,-6.5,-19,8,4,0.42,0.56,0.185185185,0.428571429,8,4
"536",1610612758,74,126,125,1,1,10,7,0.556,0.548,0.4,0.25,5,7
"537",1610612761,74,113,104,1,9,8,9,0.494,0.493,0.333333333,0.466666667,15,7
"538",1610612741,75,102,103,-1,-1,9,15,0.481,0.459,0.333333333,0.342105263,15,9
"539",1610612745,75,88,108,-6,-20,12,16,0.377,0.389,0.304347826,0.294117647,4,10
"540",1610612750,75,104,116,8.5,-12,9,15,0.434,0.483,0.294117647,0.37037037,6,6
"541",1610612754,75,131,130,NA,1,8,8,0.523,0.538,0.368421053,0.470588235,10,7
"542",1610612759,75,125,126,-6,-1,15,6,0.553,0.581,0.421052632,0.411764706,1,5
"543",1610612760,75,96,115,-2.5,-19,15,14,0.38,0.465,0.333333333,0.323529412,7,7
"544",1610612762,75,123,126,5.5,-3,16,10,0.432,0.506,0.425,0.333333333,6,10
"545",1610612763,75,116,101,7,15,13,15,0.511,0.352,0.172413793,0.266666667,14,6
"546",1610612766,75,106,123,-4.5,-17,14,2,0.396,0.6,0.268292683,0.382352941,7,7
"547",1610612743,76,123,111,1,12,1,10,0.57,0.46,0.566666667,0.272727273,5,8
"548",1610612749,76,95,118,2,-23,14,12,0.354,0.532,0.265306122,0.259259259,11,9
"549",1610612763,76,118,108,7,10,21,14,0.46,0.406,0.3125,0.348837209,11,7
"550",1610612739,77,145,134,5,11,13,6,0.522,0.495,0.347826087,0.303030303,1,8
"551",1610612744,77,143,141,1,2,23,10,0.446,0.486,0.322033898,0.314285714,9,9
"552",1610612745,77,106,111,-7,-5,8,8,0.463,0.42,0.310344828,0.302325581,4,8
"553",1610612746,77,100,110,1.5,-10,3,12,0.433,0.459,0.413793103,0.333333333,7,7
"554",1610612750,77,124,111,-0.5,13,11,18,0.517,0.462,0.361111111,0.379310345,7,8
"555",1610612751,77,139,103,11,36,7,15,0.624,0.433,0.55,0.258064516,13,5
"556",1610612752,77,102,83,4.5,19,5,5,0.486,0.391,0.393939394,0.27027027,1,4
"557",1610612754,77,122,114,1,8,15,12,0.484,0.451,0.37037037,0.333333333,4,5
"558",1610612755,77,120,111,3.5,9,7,10,0.477,0.5,0.428571429,0.379310345,9,3
"559",1610612757,77,135,106,8,29,6,9,0.571,0.415,0.451612903,0.333333333,16,8
"560",1610612766,77,115,121,1.5,-6,8,9,0.452,0.484,0.34375,0.333333333,8,6
"561",1610612749,78,123,113,4.5,10,15,14,0.48,0.433,0.275,0.296296296,8,9
"562",1610612760,78,150,117,-9,33,9,11,0.592,0.455,0.5,0.3,14,4
"563",1610612762,78,115,117,6,-2,12,7,0.432,0.535,0.295454545,0.28125,9,7
"564",1610612739,79,90,88,3.5,2,7,8,0.39,0.395,0.305555556,0.357142857,9,8
"565",1610612740,79,119,108,9.5,11,15,12,0.461,0.443,0.368421053,0.315789474,6,10
"566",1610612741,79,121,112,-2,9,6,5,0.531,0.462,0.4,0.324324324,7,9
"567",1610612744,79,119,122,7,-3,9,11,0.517,0.489,0.375,0.444444444,3,9
"568",1610612747,79,112,109,-5,3,9,14,0.494,0.453,0.296296296,0.275862069,10,9
"569",1610612750,79,113,106,3.5,7,8,12,0.513,0.44,0.375,0.310344828,8,8
"570",1610612752,79,117,114,10.5,3,14,9,0.479,0.5,0.322580645,0.392857143,7,5
"571",1610612753,79,126,115,1.5,11,13,9,0.519,0.404,0.393939394,0.405405405,6,9
"572",1610612755,79,129,126,5,3,14,13,0.49,0.474,0.388888889,0.361111111,4,7
"573",1610612758,79,117,120,NA,-3,10,7,0.466,0.536,0.4,0.333333333,9,9
"574",1610612761,79,101,104,4.5,-3,14,13,0.328,0.398,0.195652174,0.333333333,10,4
"575",1610612766,79,107,131,-5,-24,10,11,0.404,0.5,0.289473684,0.3,11,10
"576",1610612742,80,95,124,0.5,-29,11,10,0.378,0.488,0.21875,0.372093023,4,6
"577",1610612743,80,122,91,5,31,10,8,0.506,0.374,0.388888889,0.135135135,6,7
"578",1610612745,80,114,131,-6.5,-17,14,9,0.413,0.495,0.357142857,0.395833333,4,10
"579",1610612753,80,115,123,-6.5,-8,7,9,0.464,0.522,0.305555556,0.333333333,6,5
"580",1610612740,81,102,108,1,-6,14,10,0.398,0.435,0.413793103,0.454545455,7,8
"581",1610612743,81,121,108,5,13,13,18,0.531,0.455,0.485714286,0.384615385,5,7
"582",1610612747,81,130,114,-2,16,7,7,0.548,0.458,0.457142857,0.290322581,6,8
"583",1610612749,81,109,138,7,-29,12,13,0.44,0.52,0.416666667,0.416666667,5,11
"584",1610612750,81,128,115,8,13,10,18,0.568,0.44,0.371428571,0.36,4,13
"585",1610612754,81,108,99,3.5,9,4,12,0.452,0.404,0.28,0.272727273,11,5
"586",1610612755,81,112,126,6.5,-14,12,8,0.435,0.571,0.43902439,0.588235294,6,3
"587",1610612756,81,96,104,1.5,-8,8,5,0.415,0.423,0.260869565,0.315789474,5,10
"588",1610612759,81,121,109,2.5,12,7,15,0.556,0.473,0.375,0.35483871,8,11
"589",1610612760,81,127,110,NA,17,11,11,0.51,0.481,0.459459459,0.291666667,9,6
"590",1610612761,81,108,112,1.5,-4,12,13,0.422,0.47,0.344827586,0.432432432,7,3
"591",1610612741,82,126,118,-1,8,7,7,0.53,0.495,0.464285714,0.292682927,4,6
"592",1610612742,82,127,117,7,10,5,15,0.568,0.479,0.448275862,0.172413793,5,14
"593",1610612744,82,101,115,7.5,-14,11,7,0.375,0.506,0.310344828,0.40625,7,12
"594",1610612758,82,134,136,7.5,-2,13,10,0.523,0.61,0.4375,0.428571429,5,4
"595",1610612759,82,116,121,-12,-5,12,8,0.49,0.495,0.28,0.441176471,6,6
"596",1610612745,83,96,104,-4,-8,12,9,0.427,0.475,0.305555556,0.357142857,8,8
"597",1610612746,83,108,112,0.5,-4,21,7,0.389,0.494,0.333333333,0.307692308,6,7
"598",1610612748,83,101,102,NA,-1,16,6,0.413,0.513,0.371428571,0.363636364,8,8
"599",1610612754,83,116,111,4,5,8,13,0.437,0.432,0.342105263,0.333333333,14,8
"600",1610612756,83,98,112,-1,-14,6,3,0.44,0.577,0.538461538,0.379310345,7,8
"601",1610612760,83,120,109,4,11,12,8,0.484,0.425,0.428571429,0.358974359,5,3
"602",1610612761,83,117,105,4.5,12,13,10,0.44,0.447,0.387096774,0.3,12,5
"603",1610612763,83,123,118,6.5,5,13,8,0.451,0.511,0.394736842,0.3125,16,7
"604",1610612765,83,111,123,-4.5,-12,10,14,0.506,0.489,0.347826087,0.297297297,9,12
"605",1610612738,84,107,99,8.5,8,9,6,0.437,0.453,0.268292683,0.342857143,2,6
"606",1610612743,84,122,109,16,13,14,11,0.465,0.441,0.357142857,0.285714286,7,12
"607",1610612752,84,107,111,4,-4,18,12,0.38,0.438,0.268292683,0.387755102,8,3
"608",1610612758,84,136,111,5.5,25,11,9,0.536,0.456,0.5,0.318181818,4,7
"609",1610612763,84,121,113,11,8,11,12,0.495,0.454,0.423076923,0.34375,9,8
"610",1610612764,84,112,132,0.5,-20,7,12,0.512,0.527,0.411764706,0.384615385,5,9
"611",1610612744,85,113,125,9.5,-12,16,19,0.385,0.456,0.375,0.451612903,13,5
"612",1610612746,85,113,101,-0.5,12,12,3,0.453,0.435,0.387096774,0.315789474,7,5
"613",1610612748,85,112,111,-1.5,1,13,14,0.392,0.484,0.303030303,0.257142857,10,8
"614",1610612755,85,147,116,11.5,31,10,3,0.607,0.404,0.35483871,0.358974359,7,9
"615",1610612757,85,106,109,7.5,-3,13,6,0.483,0.513,0.171428571,0.375,10,10
"616",1610612761,85,132,120,6,12,18,6,0.495,0.547,0.454545455,0.428571429,4,6
"617",1610612762,85,116,114,2,2,15,7,0.437,0.467,0.277777778,0.27027027,3,7
"618",1610612737,86,105,114,0.5,-9,6,14,0.448,0.459,0.366666667,0.375,5,6
"619",1610612738,86,125,114,7.5,11,11,4,0.484,0.517,0.340909091,0.366666667,7,5
"620",1610612743,86,126,97,14,29,7,15,0.565,0.433,0.441176471,0.28125,9,4
"621",1610612752,86,119,113,5,6,12,8,0.452,0.478,0.357142857,0.307692308,9,8
"622",1610612758,86,135,115,9,20,9,8,0.479,0.458,0.395833333,0.390243902,4,7
"623",1610612763,86,135,129,13,6,17,17,0.515,0.467,0.636363636,0.323529412,6,7
"624",1610612764,86,100,97,-0.5,3,12,8,0.463,0.466,0.304347826,0.310344828,5,7
"625",1610612765,86,135,118,-6.5,17,7,13,0.6,0.489,0.53125,0.484848485,10,7
"626",1610612747,87,115,119,-3.5,-4,14,3,0.393,0.5,0.243902439,0.333333333,7,4
"627",1610612748,87,108,102,3.5,6,18,8,0.442,0.402,0.264705882,0.385964912,8,10
"628",1610612751,87,98,109,0.5,-11,4,12,0.452,0.477,0.382352941,0.333333333,8,4
"629",1610612755,87,114,133,9.5,-19,9,5,0.443,0.512,0.305555556,0.424242424,4,7
"630",1610612757,87,113,119,-0.5,-6,5,12,0.513,0.494,0.333333333,0.318181818,6,6
"631",1610612761,87,124,114,6.5,10,8,9,0.518,0.532,0.357142857,0.393939394,15,6
"632",1610612741,88,110,124,6,-14,10,12,0.447,0.511,0.315789474,0.333333333,7,12
"633",1610612746,88,103,115,2.5,-12,11,10,0.471,0.5,0.344827586,0.424242424,6,7
"634",1610612750,88,121,116,5,5,4,9,0.522,0.477,0.357142857,0.608695652,13,10
"635",1610612754,88,111,113,-1.5,-2,19,14,0.396,0.436,0.233333333,0.484848485,8,6
"636",1610612758,88,139,114,10.5,25,14,12,0.547,0.473,0.5,0.324324324,10,10
"637",1610612759,88,113,144,-4.5,-31,7,12,0.455,0.545,0.363636364,0.375,6,9
"638",1610612762,88,112,108,7.5,4,17,11,0.434,0.438,0.314285714,0.388888889,9,13
"639",1610612764,88,108,112,-1,-4,12,14,0.387,0.446,0.30952381,0.275862069,3,3
"640",1610612765,88,110,116,-6.5,-6,7,8,0.478,0.488,0.233333333,0.35483871,7,7
"641",1610612748,89,111,95,2.5,16,13,7,0.517,0.405,0.5,0.395833333,9,7
"642",1610612750,89,110,102,-1.5,8,4,8,0.563,0.487,0.321428571,0.285714286,10,5
"643",1610612754,89,112,130,-6,-18,16,7,0.369,0.552,0.234042553,0.375,5,11
"644",1610612757,89,136,119,0.5,17,10,2,0.557,0.524,0.414634146,0.47826087,7,4
"645",1610612761,89,103,114,6,-11,11,5,0.414,0.512,0.24137931,0.407407407,9,6
"646",1610612762,89,117,118,-4,-1,10,9,0.478,0.449,0.3,0.435897436,5,5
"647",1610612766,89,106,122,-6,-16,10,14,0.466,0.475,0.296296296,0.358490566,3,8
"648",1610612741,90,132,118,NA,14,7,7,0.505,0.494,0.384615385,0.411764706,12,6
"649",1610612743,90,119,116,12,3,12,10,0.539,0.488,0.333333333,0.24137931,10,7
"650",1610612746,90,121,100,11,21,11,10,0.523,0.452,0.4375,0.225806452,13,8
"651",1610612747,90,112,113,-3,-1,4,5,0.552,0.506,0.3,0.352941176,4,3
"652",1610612751,90,102,112,5.5,-10,14,11,0.429,0.444,0.292682927,0.387096774,4,5
"653",1610612757,90,140,123,9,17,8,13,0.506,0.461,0.386363636,0.333333333,3,3
"654",1610612759,90,119,132,-2.5,-13,11,7,0.516,0.551,0.384615385,0.466666667,1,5
"655",1610612765,90,104,117,-5,-13,9,18,0.446,0.455,0.409090909,0.4,4,3
"656",1610612737,91,121,113,2,8,2,12,0.592,0.483,0.481481481,0.258064516,9,10
"657",1610612739,91,113,103,4,10,13,3,0.488,0.507,0.321428571,0.37037037,5,9
"658",1610612747,91,140,132,8,8,9,17,0.538,0.49,0.363636364,0.366666667,4,0
"659",1610612749,91,132,119,4.5,13,9,4,0.527,0.512,0.5,0.475,9,6
"660",1610612750,91,125,126,4.5,-1,16,14,0.455,0.536,0.43902439,0.382352941,9,0
"661",1610612752,91,121,123,2.5,-2,20,14,0.424,0.396,0.290322581,0.295454545,3,8
"662",1610612763,91,136,106,9.5,30,13,9,0.531,0.438,0.432432432,0.303030303,8,4
"663",1610612764,91,118,127,1,-9,6,9,0.488,0.495,0.4,0.409090909,7,8
"664",1610612766,91,118,130,-7,-12,13,14,0.456,0.494,0.419354839,0.465116279,7,1
"665",1610612743,92,122,113,8.5,9,11,5,0.5,0.458,0.34375,0.325,8,3
"666",1610612746,92,110,120,0.5,-10,8,8,0.5,0.534,0.352941176,0.419354839,4,12
"667",1610612749,92,130,122,1.5,8,6,20,0.535,0.455,0.487179487,0.371428571,5,7
"668",1610612759,92,106,98,-2.5,8,13,10,0.381,0.42,0.205882353,0.130434783,12,10
"669",1610612740,93,98,124,1,-26,9,10,0.463,0.532,0.433333333,0.342857143,5,11
"670",1610612742,93,122,130,3,-8,10,7,0.524,0.57,0.380952381,0.5,5,7
"671",1610612743,93,122,118,8,4,8,12,0.529,0.519,0.380952381,0.375,10,6
"672",1610612745,93,117,122,-2,-5,12,11,0.505,0.5,0.3125,0.25,4,14
"673",1610612747,93,111,116,1.5,-5,6,14,0.483,0.494,0.323529412,0.3,9,3
"674",1610612752,93,105,116,6,-11,20,18,0.417,0.442,0.269230769,0.380952381,9,5
"675",1610612760,93,126,106,4,20,13,20,0.505,0.415,0.421052632,0.363636364,12,9
"676",1610612762,93,126,103,9,23,9,16,0.517,0.402,0.59375,0.441176471,4,1
"677",1610612763,93,115,114,7.5,1,15,11,0.454,0.512,0.323529412,0.457142857,10,4
"678",1610612738,94,121,118,6,3,18,8,0.398,0.4,0.317073171,0.346153846,10,10
"679",1610612750,94,128,126,-1,2,8,8,0.506,0.529,0.425,0.5,12,8
"680",1610612756,94,117,112,-1,5,12,2,0.459,0.524,0.392857143,0.423076923,4,10
"681",1610612757,94,95,105,-2,-10,13,5,0.376,0.506,0.243243243,0.307692308,4,8
"682",1610612765,94,108,126,-5.5,-18,17,11,0.402,0.543,0.235294118,0.304347826,7,11
"683",1610612737,95,139,124,3,15,14,9,0.56,0.59,0.382352941,0.433333333,6,5
"684",1610612739,95,114,120,13,-6,10,14,0.5,0.488,0.424242424,0.534883721,7,9
"685",1610612742,95,115,90,2.5,25,10,5,0.463,0.478,0.473684211,0.2,7,3
"686",1610612743,95,134,111,5.5,23,12,16,0.614,0.44,0.5,0.25,16,7
"687",1610612747,95,122,121,-5.5,1,10,24,0.409,0.422,0.317073171,0.310344828,7,6
"688",1610612753,95,123,110,-2,13,5,11,0.52,0.451,0.5,0.285714286,2,9
"689",1610612758,95,118,113,4,5,13,8,0.471,0.484,0.315789474,0.4,1,4
"690",1610612759,95,126,131,-3,-5,12,11,0.573,0.63,0.538461538,0.535714286,3,4
"691",1610612762,95,106,117,5,-11,13,6,0.42,0.538,0.41025641,0.43902439,6,7
"692",1610612737,96,118,122,8,-4,6,6,0.542,0.506,0.44,0.382352941,5,11
"693",1610612739,96,114,102,3,12,9,7,0.558,0.453,0.318181818,0.358974359,9,3
"694",1610612750,96,113,104,10,9,3,15,0.458,0.481,0.414634146,0.375,12,4
"695",1610612756,96,112,107,4,5,14,11,0.418,0.375,0.387096774,0.351351351,9,10
"696",1610612758,96,127,129,1.5,-2,4,16,0.548,0.527,0.393939394,0.428571429,6,4
"697",1610612761,96,104,106,-2,-2,6,11,0.535,0.447,0.368421053,0.457142857,7,9
"698",1610612764,96,138,118,7,20,9,9,0.537,0.467,0.529411765,0.411764706,6,3
"699",1610612742,97,98,112,4.5,-14,12,9,0.438,0.455,0.371428571,0.428571429,3,6
"700",1610612743,97,99,101,4,-2,10,14,0.439,0.449,0.357142857,0.269230769,7,4
"701",1610612744,97,116,120,2.5,-4,10,9,0.456,0.544,0.40625,0.518518519,10,4
"702",1610612748,97,100,96,4,4,12,8,0.438,0.474,0.235294118,0.266666667,16,17
"703",1610612756,97,112,110,-3.5,2,6,15,0.443,0.435,0.371428571,0.34375,10,8
"704",1610612757,97,112,121,5,-9,11,10,0.43,0.523,0.369565217,0.333333333,5,5
"705",1610612761,97,125,116,2.5,9,17,14,0.456,0.488,0.441176471,0.43902439,12,4
"706",1610612741,98,111,100,NA,11,15,9,0.463,0.459,0.323529412,0.303030303,13,6
"707",1610612745,98,119,114,-5,5,12,12,0.5,0.451,0.366666667,0.380952381,11,8
"708",1610612753,98,113,98,-6.5,15,8,8,0.512,0.434,0.407407407,0.391304348,10,5
"709",1610612757,98,147,127,6.5,20,8,14,0.598,0.522,0.606060606,0.481481481,11,7
"710",1610612758,98,133,100,1.5,33,10,10,0.557,0.408,0.55,0.333333333,10,14
"711",1610612762,98,120,102,9,18,9,11,0.477,0.447,0.4,0.125,8,8
"712",1610612765,98,130,150,-6,-20,11,13,0.494,0.561,0.40625,0.442307692,10,11
"713",1610612740,99,98,99,1.5,-1,14,7,0.447,0.488,0.192307692,0.333333333,5,8
"714",1610612742,99,126,127,6,-1,8,6,0.528,0.506,0.333333333,0.366666667,6,7
"715",1610612747,99,115,133,-0.5,-18,9,7,0.442,0.607,0.4,0.5,8,4
"716",1610612748,99,98,95,1,3,14,5,0.362,0.432,0.363636364,0.3125,7,5
"717",1610612752,99,105,103,0.5,2,9,10,0.493,0.46,0.515151515,0.363636364,4,8
"718",1610612754,99,116,110,1,6,14,11,0.424,0.489,0.27027027,0.208333333,9,5
"719",1610612756,99,128,97,8.5,31,15,10,0.5,0.406,0.564102564,0.24,3,10
"720",1610612740,100,102,111,2.5,-9,8,4,0.435,0.488,0.315789474,0.379310345,4,8
"721",1610612744,100,122,120,-0.5,2,14,11,0.506,0.477,0.4375,0.322580645,7,10
"722",1610612745,100,103,108,-2,-5,17,15,0.433,0.398,0.178571429,0.315789474,5,13
"723",1610612747,100,113,104,6.5,9,11,17,0.444,0.377,0.303030303,0.235294118,12,11
"724",1610612749,100,107,99,15,8,7,15,0.474,0.392,0.433333333,0.323529412,11,9
"725",1610612753,100,126,120,4.5,6,9,10,0.561,0.482,0.535714286,0.428571429,8,14
"726",1610612755,100,137,133,5,4,11,6,0.512,0.645,0.473684211,0.538461538,10,3
"727",1610612757,100,134,124,1.5,10,6,8,0.573,0.522,0.472222222,0.487804878,9,5
"728",1610612758,100,95,113,2.5,-18,4,11,0.479,0.495,0.40625,0.3,6,12
"729",1610612760,100,132,137,NA,-5,12,11,0.52,0.595,0.441176471,0.379310345,12,5
"730",1610612738,101,117,120,7,-3,15,10,0.41,0.458,0.347826087,0.342105263,4,5
"731",1610612745,101,95,113,-8,-18,10,11,0.513,0.46,0.238095238,0.416666667,5,12
"732",1610612746,101,138,100,14,38,6,11,0.584,0.451,0.473684211,0.333333333,9,2
"733",1610612751,101,122,130,9,-8,15,15,0.457,0.505,0.342105263,0.407407407,5,12
"734",1610612756,101,95,99,1.5,-4,13,7,0.407,0.429,0.40625,0.382352941,4,3
"735",1610612766,101,111,96,-1,15,6,7,0.464,0.407,0.21875,0.16,8,8
"736",1610612744,102,129,117,2,12,5,14,0.556,0.455,0.418604651,0.363636364,5,5
"737",1610612748,102,110,105,8.5,5,5,2,0.459,0.478,0.303030303,0.352941176,9,5
"738",1610612750,102,111,100,NA,11,9,15,0.512,0.409,0.371428571,0.242424242,12,14
"739",1610612754,102,131,141,-2.5,-10,5,14,0.551,0.531,0.393939394,0.418604651,10,11
"740",1610612760,102,112,100,0.5,12,10,11,0.526,0.443,0.555555556,0.275862069,5,9
"741",1610612737,103,113,120,3,-7,15,6,0.474,0.525,0.259259259,0.487179487,12,5
"742",1610612738,103,125,121,10,4,7,11,0.464,0.448,0.325,0.285714286,8,4
"743",1610612740,103,103,113,4.5,-10,8,13,0.424,0.455,0.275862069,0.305555556,9,5
"744",1610612750,103,117,110,2,7,9,10,0.525,0.451,0.459459459,0.272727273,5,5
"745",1610612751,103,122,115,2,7,9,14,0.529,0.511,0.55,0.357142857,5,4
"746",1610612753,103,109,128,-1.5,-19,6,4,0.494,0.593,0.357142857,0.457142857,5,5
"747",1610612755,103,126,119,2.5,7,12,6,0.517,0.543,0.514285714,0.411764706,10,6
"748",1610612757,103,105,123,2,-18,3,15,0.526,0.522,0.291666667,0.333333333,3,6
"749",1610612759,103,118,128,-5,-10,17,17,0.44,0.485,0.344827586,0.333333333,6,7
"750",1610612762,103,108,100,6,8,13,7,0.476,0.438,0.361111111,0.391304348,9,7
"751",1610612765,103,114,117,7,-3,8,16,0.458,0.478,0.368421053,0.296296296,10,8
"752",1610612739,104,122,99,12,23,4,15,0.564,0.416,0.606060606,0.105263158,9,6
"753",1610612749,104,135,110,8,25,12,8,0.552,0.441,0.395348837,0.382352941,7,7
"754",1610612763,104,112,100,8,12,15,11,0.483,0.456,0.243243243,0.28125,10,4
"755",1610612766,104,122,117,-3.5,5,11,10,0.542,0.484,0.375,0.322580645,6,11
"756",1610612742,105,111,105,11,6,9,9,0.494,0.456,0.294117647,0.358974359,6,9
"757",1610612750,105,111,118,3,-7,8,10,0.467,0.475,0.307692308,0.3,7,15
"758",1610612751,105,121,104,9,17,12,16,0.474,0.393,0.390243902,0.379310345,8,1
"759",1610612755,105,109,119,10,-10,8,15,0.471,0.424,0.366666667,0.379310345,8,11
"760",1610612756,105,114,106,1.5,8,13,16,0.494,0.449,0.392857143,0.272727273,10,9
"761",1610612757,105,129,125,1.5,4,3,17,0.544,0.468,0.475,0.433333333,2,5
"762",1610612759,105,106,127,-4.5,-21,14,5,0.433,0.558,0.24137931,0.533333333,6,7
"763",1610612760,105,120,128,-0.5,-8,8,6,0.495,0.511,0.458333333,0.425531915,10,9
"764",1610612739,106,97,100,2.5,-3,5,9,0.482,0.436,0.275,0.451612903,9,7
"765",1610612741,106,103,108,0.5,-5,6,11,0.494,0.398,0.5,0.272727273,6,15
"766",1610612743,106,122,113,8,9,10,8,0.494,0.494,0.444444444,0.296296296,7,13
"767",1610612749,106,124,115,9.5,9,16,18,0.41,0.378,0.340909091,0.282051282,7,6
"768",1610612752,106,123,129,6.5,-6,13,11,0.449,0.516,0.205882353,0.333333333,6,6
"769",1610612738,107,139,96,7.5,43,11,5,0.576,0.409,0.481481481,0.230769231,4,8
"770",1610612745,107,112,106,-4,6,24,24,0.436,0.369,0.304347826,0.279069767,6,11
"771",1610612750,107,119,114,0.5,5,10,9,0.434,0.418,0.28,0.314285714,5,7
"772",1610612755,107,105,94,9,11,7,12,0.436,0.379,0.4,0.157894737,7,10
"773",1610612756,107,100,132,2.5,-32,12,6,0.407,0.571,0.142857143,0.575757576,8,6
"774",1610612759,107,109,119,-4.5,-10,8,6,0.545,0.533,0.333333333,0.296296296,5,10
"775",1610612762,107,131,128,3,3,13,25,0.53,0.455,0.361702128,0.434782609,3,11
"776",1610612763,107,112,122,7.5,-10,12,9,0.471,0.471,0.243243243,0.388888889,8,3
"777",1610612739,108,128,113,4.5,15,9,11,0.538,0.471,0.482758621,0.434782609,12,8
"778",1610612741,108,114,98,5.5,16,8,16,0.519,0.419,0.392857143,0.2,9,6
"779",1610612742,108,111,106,5,5,6,12,0.435,0.5,0.341463415,0.25,10,6
"780",1610612743,108,134,117,6.5,17,7,10,0.567,0.506,0.457142857,0.5,10,4
"781",1610612749,108,106,105,4.5,1,8,9,0.433,0.411,0.243243243,0.361111111,2,8
"782",1610612752,108,106,104,-1,2,11,9,0.482,0.448,0.333333333,0.361111111,8,8
"783",1610612754,108,111,112,2.5,-1,6,13,0.484,0.457,0.390243902,0.272727273,8,8
"784",1610612738,109,94,106,9.5,-12,3,10,0.387,0.432,0.263157895,0.375,5,6
"785",1610612745,109,111,117,-7,-6,6,13,0.5,0.456,0.333333333,0.384615385,5,9
"786",1610612750,109,120,127,7,-7,12,13,0.46,0.529,0.363636364,0.52173913,7,11
"787",1610612754,109,107,104,NA,3,9,11,0.449,0.43,0.414634146,0.342105263,13,6
"788",1610612759,109,125,137,-9,-12,9,14,0.584,0.529,0.333333333,0.481481481,8,11
"789",1610612762,109,108,115,3,-7,13,14,0.451,0.463,0.295454545,0.27027027,4,8
"790",1610612764,109,116,124,4.5,-8,9,11,0.5,0.489,0.363636364,0.414634146,4,5
"791",1610612765,109,118,112,1.5,6,12,8,0.512,0.444,0.4375,0.264705882,7,16
"792",1610612740,110,131,126,3,5,14,13,0.52,0.479,0.3,0.34375,6,4
"793",1610612741,110,129,121,3.5,8,6,7,0.6,0.506,0.461538462,0.325581395,6,3
"794",1610612743,110,128,108,8.5,20,12,10,0.505,0.484,0.394736842,0.3,14,7
"795",1610612744,110,119,113,6.5,6,5,10,0.549,0.459,0.4,0.35,6,9
"796",1610612749,110,123,115,4.5,8,10,13,0.523,0.446,0.35,0.258064516,6,9
"797",1610612751,110,125,123,-0.5,2,10,6,0.5,0.481,0.424242424,0.464285714,4,10
"798",1610612752,110,128,134,2,-6,10,9,0.479,0.478,0.45,0.432432432,6,8
"799",1610612760,110,153,121,10.5,32,9,9,0.577,0.506,0.456521739,0.333333333,11,4
"800",1610612765,110,100,116,-3,-16,9,10,0.432,0.56,0.380952381,0.47826087,8,10
"801",1610612740,111,136,104,0.5,32,12,11,0.565,0.427,0.538461538,0.261904762,11,5
"802",1610612750,111,128,98,14.5,30,5,3,0.552,0.479,0.37037037,0.24,7,6
"803",1610612752,111,108,97,-2.5,11,14,8,0.43,0.405,0.333333333,0.28,5,4
"804",1610612754,111,103,122,-1,-19,12,8,0.435,0.523,0.25,0.405405405,3,7
"805",1610612763,111,103,106,3,-3,8,11,0.487,0.436,0.37037037,0.305555556,10,11
"806",1610612766,111,113,119,3.5,-6,8,18,0.542,0.462,0.363636364,0.347826087,8,6
"807",1610612741,112,128,104,11,24,7,6,0.562,0.444,0.272727273,0.307692308,10,7
"808",1610612744,112,141,114,4,27,11,7,0.577,0.484,0.52,0.34375,6,8
"809",1610612745,112,120,140,-4.5,-20,11,7,0.5,0.584,0.40625,0.512195122,5,9
"810",1610612751,112,116,124,-1,-8,8,11,0.488,0.478,0.516129032,0.4,4,11
"811",1610612757,112,108,127,-1,-19,1,7,0.407,0.54,0.25,0.380952381,5,4
"812",1610612762,112,111,124,5,-13,10,17,0.471,0.466,0.193548387,0.384615385,4,6
"813",1610612764,112,91,114,0.5,-23,7,7,0.427,0.564,0.214285714,0.413793103,8,9
"814",1610612765,112,99,111,-8,-12,9,10,0.425,0.47,0.272727273,0.432432432,9,2
"815",1610612740,113,116,107,1,9,13,10,0.495,0.447,0.375,0.333333333,8,4
"816",1610612743,113,146,112,6.5,34,6,8,0.624,0.471,0.481481481,0.285714286,12,6
"817",1610612747,113,130,133,5.5,-3,6,7,0.576,0.521,0.451612903,0.5,8,12
"818",1610612751,113,112,116,-4.5,-4,5,16,0.481,0.467,0.321428571,0.290322581,11,10
"819",1610612753,113,98,102,-1,-4,9,11,0.468,0.457,0.24,0.348837209,4,6
"820",1610612763,113,104,89,9,15,5,11,0.481,0.368,0.333333333,0.2,10,9
"821",1610612738,114,106,99,3.5,7,5,8,0.526,0.446,0.542857143,0.322580645,2,9
"822",1610612739,114,113,85,8.5,28,13,9,0.494,0.37,0.230769231,0.25,8,8
"823",1610612745,114,128,130,-6.5,-2,15,10,0.547,0.5,0.454545455,0.333333333,4,10
"824",1610612746,114,104,110,3,-6,9,8,0.442,0.526,0.363636364,0.485714286,10,7
"825",1610612748,114,116,111,6.5,5,15,5,0.468,0.487,0.315789474,0.454545455,7,3
"826",1610612757,114,125,122,1.5,3,12,10,0.551,0.474,0.296296296,0.428571429,6,11
"827",1610612761,114,112,98,13.5,14,9,7,0.489,0.402,0.357142857,0.28125,11,11
"828",1610612762,114,118,143,8.5,-25,21,8,0.419,0.571,0.352941176,0.534883721,2,6
"829",1610612764,114,118,104,5.5,14,11,12,0.506,0.419,0.405405405,0.290322581,4,11
"830",1610612737,115,116,107,7.5,9,20,9,0.453,0.453,0.344827586,0.233333333,6,14
"831",1610612747,115,106,115,-3,-9,11,16,0.472,0.455,0.388888889,0.255319149,2,5
"832",1610612751,115,116,105,NA,11,11,8,0.429,0.462,0.386363636,0.192307692,8,4
"833",1610612753,115,115,104,-2.5,11,15,7,0.485,0.464,0.333333333,0.303030303,12,6
"834",1610612738,116,127,116,12,11,5,11,0.494,0.484,0.454545455,0.347826087,7,9
"835",1610612740,116,107,118,-0.5,-11,11,12,0.476,0.565,0.375,0.357142857,8,9
"836",1610612746,116,106,119,0.5,-13,3,9,0.494,0.5,0.333333333,0.435897436,5,8
"837",1610612748,116,97,95,14.5,2,6,10,0.416,0.417,0.315789474,0.233333333,11,11
"838",1610612754,116,104,117,3,-13,11,19,0.424,0.462,0.282051282,0.303030303,9,13
"839",1610612755,116,119,108,5.5,11,6,4,0.524,0.531,0.368421053,0.34375,8,1
"840",1610612757,116,129,138,3,-9,9,10,0.553,0.566,0.4,0.5,3,9
"841",1610612758,116,114,122,2.5,-8,5,11,0.542,0.489,0.333333333,0.418604651,2,4
"842",1610612761,116,116,122,10,-6,9,9,0.451,0.54,0.352941176,0.25,11,6
"843",1610612763,116,128,107,5.5,21,9,7,0.583,0.466,0.4,0.405405405,12,7
"844",1610612765,116,138,131,10,7,21,13,0.43,0.421,0.189189189,0.333333333,6,7
"845",1610612737,117,125,106,15.5,19,14,14,0.485,0.426,0.384615385,0.297297297,9,9
"846",1610612739,117,97,89,5,8,10,6,0.419,0.486,0.257142857,0.238095238,9,7
"847",1610612744,117,103,109,4,-6,7,10,0.417,0.449,0.272727273,0.32,11,4
"848",1610612751,117,98,101,1,-3,12,8,0.402,0.44,0.325,0.260869565,7,4
"849",1610612752,117,126,120,6.5,6,20,11,0.453,0.511,0.333333333,0.28125,6,3
"850",1610612753,117,103,107,NA,-4,12,11,0.425,0.435,0.379310345,0.307692308,12,7
"851",1610612758,117,133,128,-1,5,11,7,0.51,0.516,0.25,0.392156863,9,4
"852",1610612764,117,127,113,6.5,14,8,17,0.64,0.453,0.461538462,0.35,5,8
"853",1610612766,117,105,119,-4,-14,5,14,0.471,0.505,0.25,0.217391304,11,7
"854",1610612738,118,119,109,1.5,10,15,3,0.443,0.5,0.411764706,0.352941176,5,4
"855",1610612761,118,119,118,12.5,1,13,6,0.483,0.506,0.366666667,0.382352941,5,3
"856",1610612739,119,117,109,18,8,11,11,0.564,0.506,0.321428571,0.380952381,8,10
"857",1610612741,119,91,100,4.5,-9,10,7,0.407,0.469,0.142857143,0.296296296,8,8
"858",1610612742,119,121,124,5,-3,9,10,0.512,0.578,0.333333333,0.310344828,5,8
"859",1610612744,119,135,126,2.5,9,11,9,0.584,0.6,0.5,0.428571429,10,10
"860",1610612748,119,108,112,1.5,-4,9,6,0.438,0.579,0.342857143,0.392857143,9,3
"861",1610612752,119,124,106,3,18,6,10,0.549,0.449,0.441176471,0.413793103,4,3
"862",1610612754,119,117,123,2.5,-6,8,11,0.505,0.506,0.323529412,0.454545455,11,5
"863",1610612755,119,123,104,15.5,19,7,15,0.561,0.407,0.441176471,0.25,11,10
"864",1610612757,119,127,115,1,12,8,14,0.474,0.442,0.489361702,0.324324324,7,6
"865",1610612760,119,100,103,1.5,-3,14,4,0.422,0.527,0.272727273,0.3,8,13
"866",1610612766,119,144,138,-3.5,6,3,16,0.631,0.491,0.540540541,0.392857143,5,9
"867",1610612746,120,134,124,5.5,10,12,8,0.533,0.542,0.472222222,0.441176471,5,2
"868",1610612749,120,131,125,5,6,10,8,0.478,0.465,0.428571429,0.34,6,8
"869",1610612756,120,120,109,3,11,8,13,0.568,0.446,0.318181818,0.368421053,12,8
"870",1610612757,120,101,126,0.5,-25,12,5,0.419,0.57,0.285714286,0.515151515,9,5
"871",1610612761,120,123,113,9,10,13,9,0.602,0.512,0.333333333,0.419354839,9,6
"872",1610612737,121,101,122,3.5,-21,8,10,0.412,0.469,0.192307692,0.325581395,6,2
"873",1610612738,121,127,109,13,18,8,6,0.533,0.512,0.466666667,0.379310345,10,6
"874",1610612743,121,118,109,5.5,9,6,6,0.571,0.464,0.35483871,0.358974359,7,8
"875",1610612747,121,120,102,2.5,18,6,13,0.53,0.438,0.27027027,0.28,5,5
"876",1610612751,121,116,105,2,11,5,12,0.532,0.458,0.435897436,0.285714286,3,4
"877",1610612754,121,117,113,1.5,4,6,6,0.476,0.488,0.418604651,0.428571429,6,10
"878",1610612755,121,118,112,2.5,6,8,10,0.5,0.5,0.481481481,0.333333333,7,7
"879",1610612760,121,133,96,10,37,10,14,0.483,0.337,0.264705882,0.27027027,8,5
"880",1610612763,121,117,111,12,6,17,15,0.402,0.462,0.35,0.333333333,13,2
"881",1610612766,121,120,110,7.5,10,15,20,0.448,0.383,0.4,0.342105263,8,7
"882",1610612741,122,100,112,-6.5,-12,15,9,0.381,0.455,0.3125,0.382978723,4,4
"883",1610612750,122,106,114,3.5,-8,16,13,0.411,0.453,0.275862069,0.4,8,13
"884",1610612756,122,107,116,2,-9,7,8,0.472,0.488,0.35483871,0.323529412,10,8
"885",1610612739,129,109,115,4,-6,13,18,0.478,0.464,0.230769231,0.472222222,10,7
"886",1610612742,129,142,116,17.5,26,3,10,0.561,0.523,0.523809524,0.4,10,4
"887",1610612747,129,124,111,4.5,13,10,17,0.488,0.381,0.533333333,0.285714286,8,10
"888",1610612753,129,108,106,7.5,2,12,6,0.411,0.457,0.387096774,0.5,7,5
"889",1610612754,129,138,142,-5,-4,10,20,0.521,0.515,0.448979592,0.461538462,10,7
"890",1610612755,129,110,105,2.5,5,7,13,0.405,0.391,0.361111111,0.21875,3,5
"891",1610612758,129,133,116,14,17,12,9,0.553,0.462,0.411764706,0.421052632,9,12
"892",1610612761,129,115,110,5.5,5,11,6,0.467,0.464,0.290322581,0.433333333,10,6
"893",1610612762,129,120,119,3,1,17,20,0.42,0.402,0.270833333,0.216216216,8,8
"894",1610612737,130,136,119,2.5,17,5,10,0.588,0.455,0.535714286,0.371428571,7,9
"895",1610612741,130,131,87,1,44,12,5,0.568,0.37,0.461538462,0.272727273,6,6
"896",1610612744,130,116,101,7.5,15,7,13,0.474,0.391,0.481481481,0.314285714,3,12
"897",1610612746,130,175,176,6,-1,7,12,0.602,0.586,0.577777778,0.43902439,8,18
"898",1610612749,130,128,99,5,29,10,9,0.48,0.391,0.413043478,0.225,6,5
"899",1610612750,130,113,121,9,-8,7,11,0.495,0.467,0.333333333,0.357142857,6,10
"900",1610612756,130,124,115,8,9,15,14,0.467,0.432,0.368421053,0.394736842,5,5
"901",1610612764,130,109,115,1,-6,3,12,0.494,0.489,0.431818182,0.413793103,6,9
"902",1610612752,131,128,106,3.5,22,11,13,0.511,0.392,0.395833333,0.210526316,1,11
"903",1610612753,131,108,121,3,-13,15,10,0.389,0.485,0.206896552,0.375,4,9
"904",1610612755,131,107,110,1.5,-3,8,9,0.449,0.5,0.333333333,0.444444444,8,6
"905",1610612762,131,118,102,12.5,16,15,9,0.467,0.392,0.357142857,0.264705882,5,5
"906",1610612763,131,112,94,2.5,18,11,11,0.474,0.404,0.340909091,0.297297297,10,4
"907",1610612765,131,91,95,-5.5,-4,17,10,0.404,0.375,0.25,0.269230769,4,9
"908",1610612766,131,108,103,-1.5,5,11,7,0.432,0.4,0.322580645,0.305555556,10,7
"909",1610612737,132,129,127,4.5,2,13,6,0.5,0.494,0.533333333,0.358974359,7,12
"910",1610612739,132,118,93,6.5,25,8,13,0.524,0.387,0.5,0.36,7,4
"911",1610612741,132,102,82,4,20,8,12,0.506,0.421,0.266666667,0.214285714,7,5
"912",1610612742,132,108,111,4.5,-3,11,17,0.419,0.433,0.408163265,0.176470588,5,9
"913",1610612743,132,134,124,4.5,10,11,6,0.51,0.489,0.333333333,0.323529412,10,11
"914",1610612744,132,109,104,-1,5,16,10,0.429,0.422,0.357142857,0.377777778,11,11
"915",1610612749,132,104,101,4.5,3,11,19,0.437,0.421,0.288888889,0.333333333,4,4
"916",1610612757,132,131,114,9,17,6,18,0.545,0.45,0.512820513,0.269230769,7,7
"917",1610612760,132,115,124,1,-9,9,13,0.477,0.529,0.4,0.418604651,10,7
"918",1610612740,133,93,101,4.5,-8,9,11,0.447,0.456,0.222222222,0.264705882,9,9
"919",1610612752,133,109,94,NA,15,7,7,0.474,0.44,0.387096774,0.214285714,6,5
"920",1610612755,133,99,101,5.5,-2,9,12,0.438,0.432,0.37037037,0.405405405,7,10
"921",1610612766,133,117,106,8,11,7,10,0.518,0.457,0.5,0.115384615,8,12
"922",1610612737,134,116,119,6.5,-3,13,16,0.462,0.495,0.371428571,0.285714286,4,6
"923",1610612742,134,122,124,7,-2,9,5,0.505,0.526,0.324324324,0.392857143,5,3
"924",1610612744,134,123,105,5,18,12,9,0.538,0.43,0.4,0.307692308,5,8
"925",1610612745,134,112,133,-12.5,-21,10,11,0.495,0.576,0.290322581,0.432432432,5,8
"926",1610612746,134,101,108,2.5,-7,9,10,0.422,0.478,0.392857143,0.346153846,11,14
"927",1610612751,134,104,118,-1,-14,3,11,0.434,0.49,0.333333333,0.378378378,12,10
"928",1610612760,134,117,123,1,-6,12,8,0.439,0.524,0.314285714,0.357142857,9,3
"929",1610612761,134,104,98,5,6,19,6,0.404,0.521,0.357142857,0.4,11,6
"930",1610612762,134,94,102,11,-8,14,9,0.353,0.429,0.294117647,0.307692308,8,9
"931",1610612763,134,121,109,8,12,14,14,0.455,0.442,0.193548387,0.382352941,13,5
"932",1610612738,135,117,113,4.5,4,7,10,0.5,0.489,0.5,0.3125,5,8
"933",1610612745,135,99,113,-10,-14,17,8,0.4,0.482,0.323529412,0.414634146,4,6
"934",1610612748,135,96,119,3,-23,5,9,0.436,0.494,0.24137931,0.384615385,3,6
"935",1610612749,135,139,117,7.5,22,8,12,0.521,0.457,0.464285714,0.272727273,4,3
"936",1610612752,135,142,118,7,24,7,5,0.607,0.467,0.571428571,0.384615385,5,6
"937",1610612757,135,110,121,0.5,-11,12,11,0.444,0.517,0.289473684,0.36,5,9
"938",1610612760,135,117,123,2.5,-6,12,10,0.484,0.475,0.275,0.457142857,8,8
"939",1610612765,135,115,117,-4,-2,7,10,0.5,0.482,0.4,0.444444444,8,9
"940",1610612766,135,91,105,-4.5,-14,12,5,0.364,0.472,0.272727273,0.36,3,8
"941",1610612742,136,133,126,3.5,7,5,5,0.549,0.577,0.520833333,0.444444444,8,9
"942",1610612744,136,115,91,-0.5,24,15,9,0.419,0.36,0.304347826,0.209302326,9,5
"943",1610612759,136,110,99,-2,11,13,6,0.459,0.456,0.3125,0.347826087,5,11
"944",1610612764,136,119,108,NA,11,9,13,0.512,0.446,0.466666667,0.272727273,5,8
"945",1610612737,137,129,111,8,18,10,9,0.571,0.471,0.461538462,0.333333333,10,11
"946",1610612738,137,105,115,9,-10,9,13,0.488,0.421,0.310344828,0.318181818,8,9
"947",1610612741,137,104,125,NA,-21,9,13,0.47,0.5,0.304347826,0.425531915,7,6
"948",1610612743,137,113,97,5,16,13,10,0.46,0.369,0.258064516,0.34375,6,6
"949",1610612744,137,108,99,3,9,9,7,0.513,0.442,0.322580645,0.344827586,7,9
"950",1610612747,137,102,110,-1,-8,11,10,0.414,0.472,0.322580645,0.411764706,8,10
"951",1610612748,137,120,122,1,-2,11,6,0.481,0.58,0.48,0.414634146,7,8
"952",1610612758,137,128,127,6,1,9,6,0.529,0.54,0.303030303,0.341463415,3,7
"953",1610612760,137,130,103,1,27,11,10,0.5,0.487,0.395348837,0.310344828,12,5
"954",1610612766,137,106,117,-0.5,-11,8,13,0.487,0.535,0.375,0.384615385,11,9
"955",1610612739,138,114,90,15,24,8,12,0.495,0.407,0.411764706,0.25,14,5
"956",1610612748,138,117,109,2.5,8,12,10,0.506,0.468,0.371428571,0.3,5,12
"957",1610612749,138,130,133,4,-3,11,9,0.53,0.5,0.5,0.486486486,3,5
"958",1610612758,138,134,138,1.5,-4,11,6,0.551,0.6,0.518518519,0.512820513,5,4
"959",1610612759,138,110,122,3.5,-12,13,14,0.442,0.563,0.405405405,0.347826087,9,9
"960",1610612764,138,109,116,0.5,-7,9,10,0.507,0.522,0.583333333,0.4,9,14
"961",1610612738,139,129,131,6,-2,17,11,0.394,0.495,0.355932203,0.365853659,8,7
"962",1610612741,139,122,125,5,-3,4,13,0.608,0.511,0.454545455,0.363636364,6,5
"963",1610612742,139,126,130,3,-4,5,9,0.494,0.551,0.394736842,0.352941176,5,5
"964",1610612745,139,142,110,5,32,6,13,0.612,0.462,0.541666667,0.323529412,10,5
"965",1610612746,139,135,129,2,6,13,2,0.529,0.543,0.413793103,0.529411765,6,13
"966",1610612747,139,113,105,-1.5,8,10,7,0.442,0.396,0.333333333,0.346153846,3,2
"967",1610612751,139,102,86,7.5,16,8,5,0.391,0.375,0.279069767,0.266666667,5,2
"968",1610612753,139,119,122,3.5,-3,6,9,0.5,0.47,0.35483871,0.340425532,11,9
"969",1610612760,139,129,119,4.5,10,11,12,0.506,0.489,0.378378378,0.297297297,9,5
"970",1610612764,139,111,117,-1,-6,20,7,0.426,0.47,0.258064516,0.448979592,8,5
"971",1610612739,140,118,114,4.5,4,16,15,0.448,0.416,0.352941176,0.333333333,4,5
"972",1610612743,140,118,113,7,5,12,11,0.5,0.5,0.393939394,0.37037037,9,6
"973",1610612748,140,130,128,2.5,2,8,12,0.532,0.554,0.551724138,0.310344828,6,5
"974",1610612754,140,143,147,-6.5,-4,5,5,0.589,0.585,0.405405405,0.470588235,8,6
"975",1610612758,140,123,108,3,15,6,7,0.566,0.538,0.421052632,0.379310345,7,6
"976",1610612765,140,104,110,NA,-6,16,5,0.465,0.487,0.3125,0.454545455,9,7
"977",1610612742,141,120,116,12.5,4,3,6,0.472,0.446,0.422222222,0.340909091,10,10
"978",1610612745,141,96,118,-5,-22,15,5,0.434,0.494,0.269230769,0.375,6,12
"979",1610612747,141,112,103,-1,9,7,6,0.456,0.387,0.25,0.243243243,4,6
"980",1610612750,141,94,117,4,-23,6,8,0.395,0.494,0.305555556,0.6,9,8
"981",1610612752,141,105,112,11,-7,10,10,0.427,0.494,0.275,0.375,3,2
"982",1610612753,141,123,134,-1.5,-11,10,3,0.5,0.59,0.3,0.357142857,7,5
"983",1610612760,141,137,128,-1.5,9,13,8,0.532,0.528,0.459459459,0.392156863,10,8
"984",1610612765,141,117,119,-12.5,-2,10,9,0.512,0.58,0.433333333,0.48,6,9
"985",1610612738,142,115,93,10,22,5,6,0.477,0.366,0.367346939,0.282051282,9,5
"986",1610612740,142,113,106,-2,7,9,5,0.506,0.432,0.481481481,0.347826087,4,7
"987",1610612743,142,96,117,10,-21,11,9,0.42,0.517,0.375,0.333333333,5,9
"988",1610612746,142,108,100,0.5,8,9,15,0.549,0.385,0.3,0.40625,9,12
"989",1610612748,142,100,104,0.5,-4,10,7,0.5,0.488,0.275862069,0.321428571,7,13
"990",1610612756,142,132,101,13,31,14,7,0.521,0.375,0.465116279,0.348837209,10,9
"991",1610612764,142,120,122,NA,-2,6,8,0.566,0.529,0.413793103,0.413793103,9,11
"992",1610612749,143,118,113,10.5,5,20,15,0.423,0.394,0.38,0.388888889,8,10
"993",1610612753,143,124,131,5,-7,12,11,0.468,0.557,0.470588235,0.382352941,9,7
"994",1610612754,143,134,125,9.5,9,8,20,0.48,0.458,0.4,0.352941176,12,6
"995",1610612758,143,122,117,NA,5,6,23,0.524,0.416,0.3125,0.26,10,8
"996",1610612763,143,131,110,1.5,21,9,8,0.538,0.439,0.45,0.333333333,6,9
"997",1610612765,143,103,113,-2,-10,17,13,0.449,0.5,0.333333333,0.333333333,5,11
"998",1610612747,144,122,112,NA,10,5,10,0.563,0.5,0.433333333,0.357142857,8,14
"999",1610612748,144,119,115,2,4,11,8,0.512,0.465,0.482758621,0.418604651,7,5
"1000",1610612750,144,123,124,7,-1,12,12,0.49,0.462,0.3,0.470588235,10,7
"1001",1610612755,144,120,119,9,1,12,5,0.518,0.525,0.366666667,0.416666667,7,6
"1002",1610612759,144,128,120,-9,8,13,8,0.543,0.489,0.393939394,0.371428571,10,14
"1003",1610612764,144,107,114,1.5,-7,7,13,0.489,0.442,0.259259259,0.483870968,8,9
"1004",1610612737,145,125,134,-2,-9,13,5,0.5,0.547,0.294117647,0.476190476,4,6
"1005",1610612740,145,96,110,2.5,-14,8,4,0.42,0.463,0.352941176,0.321428571,3,11
"1006",1610612744,145,125,116,1.5,9,18,7,0.411,0.43,0.418181818,0.411764706,12,9
"1007",1610612745,145,111,119,-6,-8,6,13,0.482,0.512,0.470588235,0.46875,10,7
"1008",1610612746,145,106,95,1.5,11,7,20,0.483,0.356,0.333333333,0.225806452,3,5
"1009",1610612753,145,126,114,-0.5,12,15,5,0.485,0.447,0.351351351,0.297297297,10,8
"1010",1610612756,145,119,128,4.5,-9,7,8,0.494,0.482,0.295454545,0.428571429,11,10
"1011",1610612763,145,112,108,8.5,4,11,10,0.477,0.459,0.263157895,0.348837209,7,4
"1012",1610612765,145,115,121,NA,-6,12,18,0.457,0.462,0.323529412,0.257142857,7,7
"1013",1610612766,145,111,119,2.5,-8,11,20,0.408,0.447,0.425,0.28125,5,4
"1014",1610612740,146,127,110,3.5,17,8,10,0.5,0.489,0.475,0.303030303,11,10
"1015",1610612743,146,120,122,8.5,-2,15,4,0.5,0.5,0.387096774,0.386363636,4,11
"1016",1610612747,146,108,112,2,-4,10,12,0.483,0.477,0.333333333,0.297297297,6,8
"1017",1610612755,146,112,93,7,19,9,6,0.513,0.405,0.379310345,0.230769231,6,4
"1018",1610612759,146,90,102,-2,-12,10,12,0.375,0.379,0.277777778,0.256410256,3,8
"1019",1610612766,146,108,114,-7.5,-6,7,11,0.513,0.471,0.476190476,0.259259259,8,8
"1020",1610612737,147,115,136,2.5,-21,18,5,0.454,0.587,0.181818182,0.428571429,6,12
"1021",1610612742,147,88,104,-3.5,-16,8,7,0.389,0.458,0.260869565,0.324324324,3,9
"1022",1610612744,147,123,112,3.5,11,9,17,0.542,0.484,0.487179487,0.19047619,8,8
"1023",1610612745,147,111,109,-11.5,2,15,10,0.444,0.448,0.314285714,0.285714286,9,7
"1024",1610612748,147,119,115,8.5,4,9,16,0.468,0.478,0.411764706,0.421052632,12,7
"1025",1610612758,147,124,133,-2.5,-9,15,5,0.442,0.581,0.42,0.454545455,4,2
"1026",1610612765,147,117,97,-2.5,20,19,13,0.48,0.419,0.388888889,0.294117647,10,7
"1027",1610612740,148,108,123,2,-15,15,15,0.429,0.488,0.255813953,0.461538462,9,8
"1028",1610612756,148,104,116,-1.5,-12,8,13,0.432,0.471,0.347826087,0.307692308,7,8
"1029",1610612757,148,107,123,-2.5,-16,11,9,0.384,0.519,0.377777778,0.428571429,8,8
"1030",1610612759,148,132,114,-4.5,18,7,13,0.565,0.454,0.536585366,0.344827586,6,7
"1031",1610612760,148,121,107,1.5,14,14,11,0.455,0.427,0.333333333,0.292682927,9,3
"1032",1610612761,148,125,110,0.5,15,14,4,0.527,0.553,0.4,0.24,10,9
"1033",1610612764,148,117,97,19,20,10,19,0.518,0.384,0.21875,0.294117647,9,8
"1034",1610612766,148,104,120,-3.5,-16,6,8,0.566,0.511,0.260869565,0.466666667,3,8
"1035",1610612739,149,109,118,-0.5,-9,12,13,0.471,0.52,0.341463415,0.472222222,6,8
"1036",1610612741,149,114,117,1.5,-3,13,5,0.392,0.487,0.380952381,0.428571429,13,6
"1037",1610612745,149,114,110,-1,4,16,11,0.528,0.378,0.275862069,0.25,5,7
"1038",1610612746,149,134,126,2,8,16,7,0.479,0.557,0.470588235,0.472222222,11,5
"1039",1610612748,149,138,119,2.5,19,8,12,0.598,0.505,0.448275862,0.391304348,8,6
"1040",1610612750,149,102,104,NA,-2,8,8,0.44,0.405,0.333333333,0.3,3,7
"1041",1610612759,149,128,137,-5,-9,16,10,0.458,0.512,0.441176471,0.515151515,7,4
"1042",1610612749,150,123,139,12.5,-16,9,8,0.528,0.557,0.34375,0.47826087,5,5
"1043",1610612751,150,96,101,3,-5,3,13,0.413,0.39,0.358974359,0.317073171,8,2
"1044",1610612756,150,116,113,7,3,7,11,0.478,0.5,0.371428571,0.285714286,7,7
"1045",1610612761,150,128,111,7,17,19,11,0.485,0.426,0.4375,0.419354839,10,5
"1046",1610612765,150,100,119,-16,-19,13,13,0.459,0.528,0.444444444,0.333333333,8,9
"1047",1610612737,151,127,119,4,8,13,16,0.47,0.48,0.390243902,0.275,7,6
"1048",1610612739,151,117,94,5.5,23,9,6,0.552,0.461,0.210526316,0.347826087,9,5
"1049",1610612741,151,139,131,1.5,8,6,14,0.543,0.46,0.458333333,0.428571429,9,6
"1050",1610612745,151,114,112,-3.5,2,15,8,0.489,0.476,0.34375,0.428571429,9,8
"1051",1610612747,151,110,111,3.5,-1,13,7,0.512,0.506,0.25,0.470588235,8,8
"1052",1610612757,151,112,126,-4.5,-14,8,18,0.481,0.471,0.368421053,0.357142857,12,12
"1053",1610612759,151,120,126,-7.5,-6,16,15,0.398,0.485,0.384615385,0.368421053,11,13
"1054",1610612766,151,82,121,-8,-39,7,14,0.337,0.5,0.142857143,0.3125,10,9
"1055",1610612741,152,113,99,-0.5,14,5,14,0.563,0.427,0.5,0.27027027,8,4
"1056",1610612746,152,108,113,5.5,-5,13,9,0.467,0.5,0.272727273,0.322580645,9,14
"1057",1610612752,152,116,110,1,6,15,6,0.494,0.512,0.28125,0.363636364,9,3
"1058",1610612754,152,121,141,-3,-20,12,6,0.517,0.614,0.387096774,0.428571429,5,11
"1059",1610612761,152,122,107,6,15,9,9,0.533,0.459,0.333333333,0.217391304,11,5
"1060",1610612762,152,118,117,-4,1,17,5,0.433,0.477,0.414634146,0.431372549,3,2
"1061",1610612763,152,133,119,3,14,11,15,0.547,0.429,0.473684211,0.371428571,5,3
"1062",1610612764,152,118,132,-1,-14,12,7,0.451,0.558,0.361111111,0.594594595,6,7
"1063",1610612745,153,107,117,-3.5,-10,8,10,0.408,0.494,0.272727273,0.419354839,4,7
"1064",1610612747,153,111,105,8,6,9,13,0.462,0.402,0.40625,0.263157895,2,8
"1065",1610612749,153,118,111,7,7,7,9,0.524,0.444,0.355555556,0.411764706,3,6
"1066",1610612751,153,102,108,-0.5,-6,9,6,0.463,0.525,0.342857143,0.52173913,10,5
"1067",1610612757,153,102,117,0.5,-15,11,18,0.451,0.457,0.206896552,0.428571429,7,11
"1068",1610612759,153,126,118,-7,8,10,20,0.543,0.475,0.5,0.227272727,9,4
"1069",1610612760,153,124,120,NA,4,6,9,0.5,0.478,0.392857143,0.416666667,8,7
"1070",1610612765,153,100,112,-9,-12,9,8,0.463,0.481,0.3125,0.333333333,4,4
